OF	PO	POfrom	POto	TypeProduit	QteSoutirageSB_OFPOSB_Kg	QteRemplissageMB_SPLPBMB_TotalL	QteRemplissageMB_SPLPBMB_TotalKg	QteRemplissageMB_SPLPBMB_Kg	QtePOPaletiseKg
OF750	111241758	03/04/2023 23:25:20	05/04/2023 06:29:22	FFA	10 926,782	21 197,956	22 427,437	22 427,437	55 682,668
OF750	111241414	03/04/2023 21:47:20	04/04/2023 06:43:21	FFA	3 874,5	21 197,956	22 427,437	22 427,437	3 521,76
OF750	111241514	04/04/2023 06:44:21	05/04/2023 06:12:22	FFA	7 472,5	21 197,956	22 427,437	22 427,437	65 616,46
OF758	111241758	03/04/2023 23:25:20	05/04/2023 06:29:22	FFA	10 584,473	22 040,938	23 319,313	23 319,313	55 682,668
OF758	111241514	04/04/2023 06:44:21	05/04/2023 06:12:22	FFA	12 864	22 040,938	23 319,313	23 319,313	65 616,46
OF767	111242393	05/04/2023 12:49:09	06/04/2023 13:52:10	FUS	23 178,518	22 272,78	23 230,51	23 230,51	33 421,824
OF774	111242998	06/04/2023 23:11:10	07/04/2023 10:28:11	FFA	10 338,176	22 105,594	23 387,718	23 387,718	29 335,046
OF774	111242675	06/04/2023 22:33:10	07/04/2023 03:13:10	FFA	12 711,109	22 105,594	23 387,718	23 387,718	13 052,16
OF780	111242998	06/04/2023 23:11:10	07/04/2023 10:28:11	FFA	8 428,867	15 120,195	15 997,167	15 997,167	29 335,046
OF780	111242677	07/04/2023 03:23:10	07/04/2023 09:11:11	FFA	8 116,531	15 120,195	15 997,167	15 997,167	20 005,92
OF790	111243640	07/04/2023 17:50:11	08/04/2023 08:25:12	AFO	237,375	22 962,696	24 018,98	24 018,98	48 029,714
OF790	111243538	07/04/2023 06:01:10	08/04/2023 10:29:12	AFO	335,5	22 962,696	24 018,98	24 018,98	76 432,598
OF792	111244168	08/04/2023 08:26:12	08/04/2023 23:13:12	FFA	11 641,188	22 265,843	23 557,262	23 557,262	36 762,317
OF792	111243527	08/04/2023 05:33:11	08/04/2023 10:27:12	FFA	141,859	22 265,843	23 557,262	23 557,262	17 028
OF792	111243529	08/04/2023 10:28:12	08/04/2023 12:44:12	FFA	5 333,375	22 265,843	23 557,262	23 557,262	5 068,8
OF792	111243528	08/04/2023 12:45:12	08/04/2023 15:47:12	FFA	3 235,563	22 265,843	23 557,262	23 557,262	6 795,36
OF802	111244035	11/04/2023 06:09:14	11/04/2023 22:42:15	FUS	9 769,393	21 709,657	22 643,172	22 643,172	28 293,12
OF814	111244236	12/04/2023 06:45:16	12/04/2023 17:22:21	FFA	7 108,207	22 122,151	23 405,236	23 405,236	25 298,381
OF814	111244219	12/04/2023 17:26:21	12/04/2023 21:25:21	FFA	3 323,711	22 122,151	23 405,236	23 405,236	9 312,019
OF814	111244207	12/04/2023 08:19:16	12/04/2023 14:46:16	FFA	0	22 122,151	23 405,236	23 405,236	9 995,04
OF814	111244205	12/04/2023 14:47:16	12/04/2023 17:47:21	FFA	3 082,344	22 122,151	23 405,236	23 405,236	2 724,48
OF814	111244227	12/04/2023 17:49:21	12/04/2023 22:59:21	FFA	367,867	22 122,151	23 405,236	23 405,236	14 208,48
OF814	111244781	12/04/2023 04:29:15	13/04/2023 14:31:17	FFA	8 822	22 122,151	23 405,236	23 405,236	72 703,699
OF826	111244767	12/04/2023 21:26:21	14/04/2023 01:37:17	FFA	2 356,195	22 342,799	23 638,681	23 638,681	69 337,382
OF826	111245298	13/04/2023 12:37:17	14/04/2023 03:47:17	FFA	3 504,5	22 342,799	23 638,681	23 638,681	51 258,24
OF826	111244781	12/04/2023 04:29:15	13/04/2023 14:31:17	FFA	1 492	22 342,799	23 638,681	23 638,681	72 703,699
OF830	111244767	12/04/2023 21:26:21	14/04/2023 01:37:17	FFA	393,703	22 008,674	23 285,177	23 285,177	69 337,382
OF830	111245344	14/04/2023 01:38:17	14/04/2023 22:50:34	FFA	667,656	22 008,674	23 285,177	23 285,177	41 809,363
OF830	111245298	13/04/2023 12:37:17	14/04/2023 03:47:17	FFA	1 830,391	22 008,674	23 285,177	23 285,177	51 258,24
OF830	111245346	14/04/2023 03:48:17	14/04/2023 10:14:33	FFA	393,516	22 008,674	23 285,177	23 285,177	21 653,28
OF837	111245433	14/04/2023 22:51:34	15/04/2023 06:20:34	AFO	3 485,203	20 862,758	21 822,445	21 822,445	20 662,74
OF837	111245343	14/04/2023 12:42:34	14/04/2023 21:52:34	AFO	10 747	20 862,758	21 822,445	21 822,445	28 949,42
OF837	111246007	14/04/2023 21:53:34	15/04/2023 10:34:34	AFO	8 878	20 862,758	21 822,445	21 822,445	40 052,016
OF845	111245437	15/04/2023 06:21:34	16/04/2023 17:29:36	AFO	12 505,922	22 771,502	23 818,991	23 818,991	67 396,303
OF845	111246007	14/04/2023 21:53:34	15/04/2023 10:34:34	AFO	6 371	22 771,502	23 818,991	23 818,991	40 052,016
OF845	111246037	15/04/2023 10:35:34	15/04/2023 18:13:35	AFO	3 889	22 771,502	23 818,991	23 818,991	24 112,187
OF849	111245437	15/04/2023 06:21:34	16/04/2023 17:29:36	AFO	11 849,453	22 848,82	23 899,866	23 899,866	67 396,303
OF849	111246445	15/04/2023 18:14:35	16/04/2023 07:14:35	AFO	11 752	22 848,82	23 899,866	23 899,866	37 052,835
OF851	111245437	15/04/2023 06:21:34	16/04/2023 17:29:36	AFO	10 919,156	18 089,934	18 922,071	18 922,071	67 396,303
OF851	111246445	15/04/2023 18:14:35	16/04/2023 07:14:35	AFO	7 486	18 089,934	18 922,071	18 922,071	37 052,835
OF752	111241758	03/04/2023 23:25:20	05/04/2023 06:29:22	FFA	8 481,979	22 053,701	23 332,815	23 332,815	55 682,668
OF752	111241514	04/04/2023 06:44:21	05/04/2023 06:12:22	FFA	14 780	22 053,701	23 332,815	23 332,815	65 616,46
OF760	111241758	03/04/2023 23:25:20	05/04/2023 06:29:22	FFA	9 250,371	21 856,41	23 124,082	23 124,082	55 682,668
OF760	111241514	04/04/2023 06:44:21	05/04/2023 06:12:22	FFA	13 940,5	21 856,41	23 124,082	23 124,082	65 616,46
OF769	111242395	06/04/2023 20:57:10	06/04/2023 23:10:10	FFA	3 042,59	21 983,867	23 258,932	23 258,932	2 768,832
OF769	111242676	06/04/2023 13:20:10	06/04/2023 18:36:10	FFA	7 883,039	21 983,867	23 258,932	23 258,932	17 075,52
OF769	111242678	06/04/2023 18:37:10	06/04/2023 22:24:10	FFA	11 794,836	21 983,867	23 258,932	23 258,932	11 325,6
OF769	111242675	06/04/2023 22:33:10	07/04/2023 03:13:10	FFA	399,727	21 983,867	23 258,932	23 258,932	13 052,16
OF783	111242999	07/04/2023 10:33:11	07/04/2023 17:49:11	AFO	9 048,195	23 294,469	24 366,014	24 366,014	18 344,34
OF783	111243640	07/04/2023 17:50:11	08/04/2023 08:25:12	AFO	331,039	23 294,469	24 366,014	24 366,014	48 029,714
OF783	111243103	07/04/2023 14:11:11	07/04/2023 16:19:11	AFO	4 249,359	23 294,469	24 366,014	24 366,014	3 927,825
OF783	111243104	07/04/2023 16:20:11	08/04/2023 03:00:11	AFO	2 650,766	23 294,469	24 366,014	24 366,014	34 620,75
OF783	111243538	07/04/2023 06:01:10	08/04/2023 10:29:12	AFO	8 014	23 294,469	24 366,014	24 366,014	76 432,598
OF787	111243640	07/04/2023 17:50:11	08/04/2023 08:25:12	AFO	7 956,328	0	0	0	48 029,714
OF787	111243104	07/04/2023 16:20:11	08/04/2023 03:00:11	AFO	8 742,594	0	0	0	34 620,75
OF787	111243538	07/04/2023 06:01:10	08/04/2023 10:29:12	AFO	7 243,5	0	0	0	76 432,598
OF798	111244160	08/04/2023 23:15:12	09/04/2023 10:20:13	FFA	7 101,156	16 685,081	17 652,815	17 652,815	28 130,361
OF798	111243912	09/04/2023 01:24:12	09/04/2023 07:44:13	FFA	10 695,094	16 685,081	17 652,815	17 652,815	23 965,92
OF813	111244236	12/04/2023 06:45:16	12/04/2023 17:22:21	FFA	2 542,969	22 111,795	23 394,279	23 394,279	25 298,381
OF813	111244207	12/04/2023 08:19:16	12/04/2023 14:46:16	FFA	3 198,711	22 111,795	23 394,279	23 394,279	9 995,04
OF822	111244767	12/04/2023 21:26:21	14/04/2023 01:37:17	FFA	6 257,656	22 179,52	23 465,932	23 465,932	69 337,382
OF822	111244761	13/04/2023 04:01:21	13/04/2023 10:10:16	FFA	9 150,234	22 179,52	23 465,932	23 465,932	19 910,88
OF822	111244781	12/04/2023 04:29:15	13/04/2023 14:31:17	FFA	7 951	22 179,52	23 465,932	23 465,932	72 703,699
OF841	111245433	14/04/2023 22:51:34	15/04/2023 06:20:34	AFO	11 526	22 645,71	23 687,412	23 687,412	20 662,74
OF841	111246007	14/04/2023 21:53:34	15/04/2023 10:34:34	AFO	11 910	22 645,71	23 687,412	23 687,412	40 052,016
OF846	111245437	15/04/2023 06:21:34	16/04/2023 17:29:36	AFO	9 847,219	21 009,305	21 975,733	21 975,733	67 396,303
OF846	111246037	15/04/2023 10:35:34	15/04/2023 18:13:35	AFO	11 561	21 009,305	21 975,733	21 975,733	24 112,187
OF756	111241758	03/04/2023 23:25:20	05/04/2023 06:29:22	FFA	11 112,043	21 930,993	23 202,991	23 202,991	55 682,668
OF756	111241514	04/04/2023 06:44:21	05/04/2023 06:12:22	FFA	11 974	21 930,993	23 202,991	23 202,991	65 616,46
OF777	111242998	06/04/2023 23:11:10	07/04/2023 10:28:11	FFA	11 048,473	22 366,211	23 663,451	23 663,451	29 335,046
OF777	111242675	06/04/2023 22:33:10	07/04/2023 03:13:10	FFA	382,477	22 366,211	23 663,451	23 663,451	13 052,16
OF777	111242677	07/04/2023 03:23:10	07/04/2023 09:11:11	FFA	12 299,109	22 366,211	23 663,451	23 663,451	20 005,92
OF789	111244168	08/04/2023 08:26:12	08/04/2023 23:13:12	FFA	72,984	22 103,546	23 385,551	23 385,551	36 762,317
OF789	111242990	08/04/2023 03:01:11	08/04/2023 05:32:11	FFA	1 617,156	22 103,546	23 385,551	23 385,551	3 928,32
OF789	111243527	08/04/2023 05:33:11	08/04/2023 10:27:12	FFA	421,531	22 103,546	23 385,551	23 385,551	17 028
OF818	111244219	12/04/2023 17:26:21	12/04/2023 21:25:21	FFA	6 238,164	22 396,242	23 695,224	23 695,224	9 312,019
OF818	111244227	12/04/2023 17:49:21	12/04/2023 22:59:21	FFA	8 471,484	22 396,242	23 695,224	23 695,224	14 208,48
OF818	111244781	12/04/2023 04:29:15	13/04/2023 14:31:17	FFA	8 807	22 396,242	23 695,224	23 695,224	72 703,699
OF827	111244767	12/04/2023 21:26:21	14/04/2023 01:37:17	FFA	1 208,906	22 163,57	23 449,057	23 449,057	69 337,382
OF827	111245298	13/04/2023 12:37:17	14/04/2023 03:47:17	FFA	1 435,938	22 163,57	23 449,057	23 449,057	51 258,24
OF836	111245344	14/04/2023 01:38:17	14/04/2023 22:50:34	FFA	16 518,594	22 067,178	23 347,074	23 347,074	41 809,363
OF836	111245345	14/04/2023 11:56:34	14/04/2023 15:19:34	FFA	2 669,938	22 067,178	23 347,074	23 347,074	7 397,28
OF836	111246006	14/04/2023 15:51:34	15/04/2023 04:05:34	FFA	4 627,734	22 067,178	23 347,074	23 347,074	7 761,6
OF761	111241758	03/04/2023 23:25:20	05/04/2023 06:29:22	FFA	6 235,676	21 839,062	23 105,727	23 105,727	55 682,668
OF761	111241514	04/04/2023 06:44:21	05/04/2023 06:12:22	FFA	4 811	21 839,062	23 105,727	23 105,727	65 616,46
OF761	111242663	05/04/2023 06:13:22	05/04/2023 23:30:09	FFA	11 862	21 839,062	23 105,727	23 105,727	50 431,603
OF788	111243640	07/04/2023 17:50:11	08/04/2023 08:25:12	AFO	9 461,836	22 941,098	23 996,389	23 996,389	48 029,714
OF788	111243104	07/04/2023 16:20:11	08/04/2023 03:00:11	AFO	7 088,656	22 941,098	23 996,389	23 996,389	34 620,75
OF788	111243538	07/04/2023 06:01:10	08/04/2023 10:29:12	AFO	4 042	22 941,098	23 996,389	23 996,389	76 432,598
OF807	111244035	11/04/2023 06:09:14	11/04/2023 22:42:15	FUS	6 761,564	21 610,572	22 539,827	22 539,827	28 293,12
OF807	111244222	11/04/2023 22:43:15	12/04/2023 06:44:16	FUS	13 983,186	21 610,572	22 539,827	22 539,827	15 752,448
OF820	111244767	12/04/2023 21:26:21	14/04/2023 01:37:17	FFA	7 614,859	22 174,869	23 461,012	23 461,012	69 337,382
OF820	111244226	12/04/2023 23:00:21	13/04/2023 04:00:21	FFA	8 865,938	22 174,869	23 461,012	23 461,012	15 554,88
OF820	111244781	12/04/2023 04:29:15	13/04/2023 14:31:17	FFA	6 971	22 174,869	23 461,012	23 461,012	72 703,699
OF823	111244767	12/04/2023 21:26:21	14/04/2023 01:37:17	FFA	4 136,828	21 015,25	22 234,135	22 234,135	69 337,382
OF823	111244761	13/04/2023 04:01:21	13/04/2023 10:10:16	FFA	10 664,625	21 015,25	22 234,135	22 234,135	19 910,88
OF823	111244781	12/04/2023 04:29:15	13/04/2023 14:31:17	FFA	6 081	21 015,25	22 234,135	22 234,135	72 703,699
OF829	111244767	12/04/2023 21:26:21	14/04/2023 01:37:17	FFA	886,453	21 998,095	23 273,985	23 273,985	69 337,382
OF829	111245298	13/04/2023 12:37:17	14/04/2023 03:47:17	FFA	1 836,609	21 998,095	23 273,985	23 273,985	51 258,24
OF833	111245344	14/04/2023 01:38:17	14/04/2023 22:50:34	FFA	7 408,547	22 067,294	23 347,197	23 347,197	41 809,363
OF833	111245346	14/04/2023 03:48:17	14/04/2023 10:14:33	FFA	3 969,422	22 067,294	23 347,197	23 347,197	21 653,28
OF833	111245299	14/04/2023 10:15:34	14/04/2023 11:55:34	FFA	4 114,063	22 067,294	23 347,197	23 347,197	3 975,84
OF833	111245345	14/04/2023 11:56:34	14/04/2023 15:19:34	FFA	4 747	22 067,294	23 347,197	23 347,197	7 397,28
OF785	111243640	07/04/2023 17:50:11	08/04/2023 08:25:12	AFO	8 218,813	22 997,512	24 055,397	24 055,397	48 029,714
OF785	111243104	07/04/2023 16:20:11	08/04/2023 03:00:11	AFO	8 173,922	22 997,512	24 055,397	24 055,397	34 620,75
OF785	111243538	07/04/2023 06:01:10	08/04/2023 10:29:12	AFO	7 799,5	22 997,512	24 055,397	24 055,397	76 432,598
OF795	111244168	08/04/2023 08:26:12	08/04/2023 23:13:12	FFA	4 425,234	21 996,041	23 271,811	23 271,811	36 762,317
OF795	111243909	08/04/2023 18:30:12	08/04/2023 23:42:12	FFA	4 590,156	21 996,041	23 271,811	23 271,811	14 224,32
OF800	111244160	08/04/2023 23:15:12	09/04/2023 10:20:13	FFA	7 259,656	19 558,618	20 693,018	20 693,018	28 130,361
OF800	111243912	09/04/2023 01:24:12	09/04/2023 07:44:13	FFA	8 127,375	19 558,618	20 693,018	20 693,018	23 965,92
OF819	111244767	12/04/2023 21:26:21	14/04/2023 01:37:17	FFA	5 306,648	22 156,211	23 441,271	23 441,271	69 337,382
OF819	111244227	12/04/2023 17:49:21	12/04/2023 22:59:21	FFA	5 897,586	22 156,211	23 441,271	23 441,271	14 208,48
OF819	111244226	12/04/2023 23:00:21	13/04/2023 04:00:21	FFA	3 767,32	22 156,211	23 441,271	23 441,271	15 554,88
OF819	111244781	12/04/2023 04:29:15	13/04/2023 14:31:17	FFA	8 056	22 156,211	23 441,271	23 441,271	72 703,699
OF839	111245344	14/04/2023 01:38:17	14/04/2023 22:50:34	FFA	1 681,609	22 027,922	23 305,542	23 305,542	41 809,363
OF839	111246006	14/04/2023 15:51:34	15/04/2023 04:05:34	FFA	3 215,594	22 027,922	23 305,542	23 305,542	7 761,6
OF839	111246920	15/04/2023 05:58:34	15/04/2023 09:55:34	FFA	4 640,512	22 027,922	23 305,542	23 305,542	4 070,88
OF839	111246004	15/04/2023 09:56:35	15/04/2023 14:54:35	FFA	13 484,789	22 027,922	23 305,542	23 305,542	15 333,12
OF850	111245437	15/04/2023 06:21:34	16/04/2023 17:29:36	AFO	5 648,188	18 091,453	18 923,66	18 923,66	67 396,303
OF850	111246445	15/04/2023 18:14:35	16/04/2023 07:14:35	AFO	12 810	18 091,453	18 923,66	18 923,66	37 052,835
OF770	111242393	05/04/2023 12:49:09	06/04/2023 13:52:10	FUS	11 101,525	22 085,496	23 035,173	23 035,173	33 421,824
OF770	111242394	06/04/2023 13:53:10	06/04/2023 20:56:10	FUS	11 864,219	22 085,496	23 035,173	23 035,173	12 091,392
OF782	111242999	07/04/2023 10:33:11	07/04/2023 17:49:11	AFO	6 512,242	23 269,094	24 339,472	24 339,472	18 344,34
OF782	111243101	07/04/2023 12:07:11	07/04/2023 14:10:11	AFO	4 353,313	23 269,094	24 339,472	24 339,472	4 284,9
OF782	111243103	07/04/2023 14:11:11	07/04/2023 16:19:11	AFO	56,844	23 269,094	24 339,472	24 339,472	3 927,825
OF782	111243538	07/04/2023 06:01:10	08/04/2023 10:29:12	AFO	8 540	23 269,094	24 339,472	24 339,472	76 432,598
OF786	111243640	07/04/2023 17:50:11	08/04/2023 08:25:12	AFO	7 640,984	23 114,633	24 177,906	24 177,906	48 029,714
OF786	111243104	07/04/2023 16:20:11	08/04/2023 03:00:11	AFO	8 597,953	23 114,633	24 177,906	24 177,906	34 620,75
OF786	111243538	07/04/2023 06:01:10	08/04/2023 10:29:12	AFO	7 506	23 114,633	24 177,906	24 177,906	76 432,598
OF793	111244168	08/04/2023 08:26:12	08/04/2023 23:13:12	FFA	10 292,531	21 912,696	23 183,632	23 183,632	36 762,317
OF793	111243528	08/04/2023 12:45:12	08/04/2023 15:47:12	FFA	3 938,531	21 912,696	23 183,632	23 183,632	6 795,36
OF793	111243910	08/04/2023 15:48:12	08/04/2023 18:29:12	FFA	9 232,109	21 912,696	23 183,632	23 183,632	8 537,76
OF793	111243909	08/04/2023 18:30:12	08/04/2023 23:42:12	FFA	1 112,953	21 912,696	23 183,632	23 183,632	14 224,32
OF797	111244160	08/04/2023 23:15:12	09/04/2023 10:20:13	FFA	8 298,25	16 684,82	17 652,539	17 652,539	28 130,361
OF797	111243909	08/04/2023 18:30:12	08/04/2023 23:42:12	FFA	57,594	16 684,82	17 652,539	17 652,539	14 224,32
OF797	111243911	08/04/2023 23:43:12	09/04/2023 01:23:12	FFA	2 523,891	16 684,82	17 652,539	17 652,539	2 328,48
OF797	111243912	09/04/2023 01:24:12	09/04/2023 07:44:13	FFA	5 721,969	16 684,82	17 652,539	17 652,539	23 965,92
OF811	111244236	12/04/2023 06:45:16	12/04/2023 17:22:21	FFA	6 396,004	22 057,68	23 337,026	23 337,026	25 298,381
OF811	111244184	11/04/2023 23:43:15	12/04/2023 01:42:15	FFA	741,063	22 057,68	23 337,026	23 337,026	3 975,84
OF811	111244208	12/04/2023 01:43:15	12/04/2023 03:11:15	FFA	2 633,977	22 057,68	23 337,026	23 337,026	2 819,52
OF811	111244206	12/04/2023 03:12:15	12/04/2023 08:18:16	FFA	5 132,539	22 057,68	23 337,026	23 337,026	5 670,72
OF811	111244207	12/04/2023 08:19:16	12/04/2023 14:46:16	FFA	4 621,703	22 057,68	23 337,026	23 337,026	9 995,04
OF811	111244189	11/04/2023 10:35:15	12/04/2023 01:52:15	FFA	1 221	22 057,68	23 337,026	23 337,026	37 823,702
OF821	111244767	12/04/2023 21:26:21	14/04/2023 01:37:17	FFA	9 077,859	22 156,75	23 441,842	23 441,842	69 337,382
OF821	111244226	12/04/2023 23:00:21	13/04/2023 04:00:21	FFA	3 394,594	22 156,75	23 441,842	23 441,842	15 554,88
OF821	111244761	13/04/2023 04:01:21	13/04/2023 10:10:16	FFA	1 969,484	22 156,75	23 441,842	23 441,842	19 910,88
OF821	111244781	12/04/2023 04:29:15	13/04/2023 14:31:17	FFA	8 996	22 156,75	23 441,842	23 441,842	72 703,699
OF825	111244767	12/04/2023 21:26:21	14/04/2023 01:37:17	FFA	2 120,328	22 251,738	23 542,339	23 542,339	69 337,382
OF825	111244761	13/04/2023 04:01:21	13/04/2023 10:10:16	FFA	4,438	22 251,738	23 542,339	23 542,339	19 910,88
OF825	111244718	13/04/2023 10:28:17	13/04/2023 12:29:17	FFA	906,109	22 251,738	23 542,339	23 542,339	2 914,56
OF825	111245298	13/04/2023 12:37:17	14/04/2023 03:47:17	FFA	353,219	22 251,738	23 542,339	23 542,339	51 258,24
OF825	111244781	12/04/2023 04:29:15	13/04/2023 14:31:17	FFA	2 439	22 251,738	23 542,339	23 542,339	72 703,699
OF832	111245344	14/04/2023 01:38:17	14/04/2023 22:50:34	FFA	62,031	21 725,381	22 985,453	22 985,453	41 809,363
OF832	111245346	14/04/2023 03:48:17	14/04/2023 10:14:33	FFA	117,219	21 725,381	22 985,453	22 985,453	21 653,28
OF843	111245433	14/04/2023 22:51:34	15/04/2023 06:20:34	AFO	5 601,547	23 144,313	24 208,951	24 208,951	20 662,74
OF843	111245437	15/04/2023 06:21:34	16/04/2023 17:29:36	AFO	5 092,422	23 144,313	24 208,951	24 208,951	67 396,303
OF843	111246007	14/04/2023 21:53:34	15/04/2023 10:34:34	AFO	12 735	23 144,313	24 208,951	24 208,951	40 052,016
OF847	111245437	15/04/2023 06:21:34	16/04/2023 17:29:36	AFO	11 178,984	22 800,539	23 849,364	23 849,364	67 396,303
OF847	111246037	15/04/2023 10:35:34	15/04/2023 18:13:35	AFO	8 335	22 800,539	23 849,364	23 849,364	24 112,187
OF847	111246445	15/04/2023 18:14:35	16/04/2023 07:14:35	AFO	4 071	22 800,539	23 849,364	23 849,364	37 052,835
OF803	111244185	11/04/2023 12:11:15	11/04/2023 23:42:15	FFA	1 679,863	21 899,035	23 169,179	23 169,179	25 502,4
OF803	111244039	11/04/2023 05:43:14	11/04/2023 10:34:15	FFA	335	21 899,035	23 169,179	23 169,179	2 564,813
OF803	111244189	11/04/2023 10:35:15	12/04/2023 01:52:15	FFA	1 349	21 899,035	23 169,179	23 169,179	37 823,702
OF765	111241754	05/04/2023 08:34:22	06/04/2023 03:01:09	FFA	4 022,105	21 559,922	22 810,397	22 810,397	3 286,8
OF765	111241755	06/04/2023 04:03:10	06/04/2023 06:00:10	FFA	3 128,445	21 559,922	22 810,397	22 810,397	2 819,52
OF765	111241752	06/04/2023 06:04:10	06/04/2023 07:45:10	FFA	873,766	21 559,922	22 810,397	22 810,397	2 827,44
OF765	111242663	05/04/2023 06:13:22	05/04/2023 23:30:09	FFA	15 320	21 559,922	22 810,397	22 810,397	50 431,603
OF805	111244186	11/04/2023 05:03:14	11/04/2023 12:10:15	DAN	280,418	7 752,476	7 861,01	7 861,01	7 585,2
OF806	111244185	11/04/2023 12:11:15	11/04/2023 23:42:15	FFA	10 884,531	21 862,048	23 130,047	23 130,047	25 502,4
OF806	111244189	11/04/2023 10:35:15	12/04/2023 01:52:15	FFA	11 981	21 862,048	23 130,047	23 130,047	37 823,702
OF842	111246004	15/04/2023 09:56:35	15/04/2023 14:54:35	FFA	2 061,516	14 183,931	15 006,599	15 006,599	15 333,12
OF842	111246005	15/04/2023 14:55:35	15/04/2023 19:05:35	FFA	10 513,367	14 183,931	15 006,599	15 006,599	10 216,8
OF842	111246756	15/04/2023 19:06:35	15/04/2023 23:27:35	FFA	2 923,602	14 183,931	15 006,599	15 006,599	1 789,92
OF768	111241752	06/04/2023 06:04:10	06/04/2023 07:45:10	FFA	2 398,117	21 963,936	23 237,845	23 237,845	2 827,44
OF768	111241759	06/04/2023 07:49:10	06/04/2023 08:38:10	FFA	2 443,023	21 963,936	23 237,845	23 237,845	2 280,96
OF768	111241753	06/04/2023 08:39:10	06/04/2023 10:05:10	FFA	5 768,406	21 963,936	23 237,845	23 237,845	5 734,08
OF768	111241757	06/04/2023 10:06:10	06/04/2023 13:19:10	FFA	3 119,234	21 963,936	23 237,845	23 237,845	2 787,84
OF768	111242676	06/04/2023 13:20:10	06/04/2023 18:36:10	FFA	9 570,711	21 963,936	23 237,845	23 237,845	17 075,52
OF778	111243102	07/04/2023 09:20:11	07/04/2023 11:56:11	AFO	1 118,531	23 185,945	24 252,499	24 252,499	2 787,48
OF778	111242994	06/04/2023 20:09:10	07/04/2023 06:00:10	AFO	6 305,5	23 185,945	24 252,499	24 252,499	31 506,394
OF778	111243538	07/04/2023 06:01:10	08/04/2023 10:29:12	AFO	10 827	23 185,945	24 252,499	24 252,499	76 432,598
OF808	111244185	11/04/2023 12:11:15	11/04/2023 23:42:15	FFA	6 115,836	22 088,72	23 369,866	23 369,866	25 502,4
OF808	111244184	11/04/2023 23:43:15	12/04/2023 01:42:15	FFA	2 872,258	22 088,72	23 369,866	23 369,866	3 975,84
OF808	111244189	11/04/2023 10:35:15	12/04/2023 01:52:15	FFA	12 834	22 088,72	23 369,866	23 369,866	37 823,702
OF794	111243539	08/04/2023 10:30:12	08/04/2023 21:52:12	AFO	12 854,5	20 912,452	21 874,424	21 874,424	33 936,407
OF794	111243919	08/04/2023 21:53:12	09/04/2023 08:03:12	AFO	3 508,5	20 912,452	21 874,424	21 874,424	29 234,941
OF831	111245349	13/04/2023 14:32:17	14/04/2023 12:41:34	AFO	4 999	22 875,043	23 927,295	23 927,295	53 451,265
OF773	111242680	06/04/2023 01:55:09	06/04/2023 20:08:10	AFO	22 131,5	23 038,582	24 098,356	24 098,356	46 244,353
OF773	111242994	06/04/2023 20:09:10	07/04/2023 06:00:10	AFO	1 401,5	23 038,582	24 098,356	24 098,356	31 506,394
OF771	111242680	06/04/2023 01:55:09	06/04/2023 20:08:10	AFO	24 124,5	22 962,615	24 018,896	24 018,896	46 244,353
OF775	111242994	06/04/2023 20:09:10	07/04/2023 06:00:10	AFO	23 857	23 025,938	24 085,131	24 085,131	31 506,394
OF796	111243919	08/04/2023 21:53:12	09/04/2023 08:03:12	AFO	22 880,5	21 980,412	22 991,511	22 991,511	29 234,941
OF763	111242663	05/04/2023 06:13:22	05/04/2023 23:30:09	FFA	23 087,5	21 940,421	23 212,966	23 212,966	50 431,603
OF791	111243538	07/04/2023 06:01:10	08/04/2023 10:29:12	AFO	178,5	23 091,133	24 153,325	24 153,325	76 432,598
OF791	111243539	08/04/2023 10:30:12	08/04/2023 21:52:12	AFO	18 693	23 091,133	24 153,325	24 153,325	33 936,407
OF828	111245349	13/04/2023 14:32:17	14/04/2023 12:41:34	AFO	3 223	23 102,988	24 165,726	24 165,726	53 451,265
OF835	111245349	13/04/2023 14:32:17	14/04/2023 12:41:34	AFO	5 655	22 996,322	24 054,153	24 054,153	53 451,265
OF835	111245343	14/04/2023 12:42:34	14/04/2023 21:52:34	AFO	17 478	22 996,322	24 054,153	24 054,153	28 949,42
OF801	111244036	11/04/2023 10:07:15	11/04/2023 14:17:15	CRY	798,75	15 445,631	16 140,684	16 140,684	2 416,128
OF801	111244037	11/04/2023 14:18:15	11/04/2023 20:44:15	CRY	8 713,25	15 445,631	16 140,684	16 140,684	7 310,336
OF801	111244038	11/04/2023 20:45:15	12/04/2023 02:03:16	CRY	11 282	15 445,631	16 140,684	16 140,684	4 634,01
OF801	111244188	12/04/2023 02:04:16	12/04/2023 06:56:16	CRY	1 270,5	15 445,631	16 140,684	16 140,684	4 287,078
OF816	111244211	12/04/2023 14:33:16	12/04/2023 17:14:21	BLF	4 554,5	7 752,984	7 993,327	7 993,327	4 505,6
OF816	111244209	12/04/2023 17:15:21	12/04/2023 19:26:21	BLF	3 029,75	7 752,984	7 993,327	7 993,327	3 134,771
OF757	111241419	04/04/2023 14:18:22	04/04/2023 18:18:21	CRY	1 676	15 191,453	15 875,069	15 875,069	7 248,384
OF757	111241416	04/04/2023 18:20:21	04/04/2023 20:19:22	CRY	3 972,5	15 191,453	15 875,069	15 875,069	3 878,195
OF757	111241417	04/04/2023 20:25:22	05/04/2023 00:55:22	CRY	5 910	15 191,453	15 875,069	15 875,069	5 773,926
OF757	111241731	05/04/2023 00:57:22	05/04/2023 09:46:22	CRY	3 833	15 191,453	15 875,069	15 875,069	19 749,453
OF810	111244188	12/04/2023 02:04:16	12/04/2023 06:56:16	CRY	3 553,25	15 484,912	16 181,733	16 181,733	4 287,078
OF810	111244210	12/04/2023 06:57:16	12/04/2023 14:32:16	CRY	9 320,25	15 484,912	16 181,733	16 181,733	11 927,168
OF749	111241418	04/04/2023 01:42:21	04/04/2023 10:39:21	CRY	3 658,5	15 145,766	15 827,325	15 827,325	3 308,237
OF749	111241690	04/04/2023 10:40:21	04/04/2023 14:15:21	CRY	5 950,5	15 145,766	15 827,325	15 827,325	5 612,992
OF749	111241419	04/04/2023 14:18:22	04/04/2023 18:18:21	CRY	5 658,75	15 145,766	15 827,325	15 827,325	7 248,384
OF762	111241731	05/04/2023 00:57:22	05/04/2023 09:46:22	CRY	15 310	15 148,152	15 829,819	15 829,819	19 749,453