FAB_MAS_PAL_NUM_PO	FAB_MAS_PAL_DATE_DEBUT	FAB_MAS_PAL_DATE_FIN	FAB_MAS_PAL_NUM_MATERIAL	FAB_MAS_PAL_LIB_MATERIAL	FAB_MAS_PAL_NUM_LIGNE	FAB_MAS_PAL_REC_PRO_LIB	FAB_MAS_PAL_MAS_LIB_COURT	FAB_MAS_PAL_QTE_PLATEAU	FAB_MAS_PAL_TONNAGE_MASSE	FAB_MAS_PAL_TONNAGE_GLOBAL_SANS_FRUIT	FAB_MAS_PAL_TONNAGE_GLOBAL_AVEC_FRUIT
111 239 725	31/03/2023 01:34:17	31/03/2023 06:04:17	74 629	DANIO MANGUE KIWI BANAN 450X1 NL	34	DANIO	BDA	6 000	6,642	13,284	16,2
111 240 244	31/03/2023 08:39:17	31/03/2023 12:19:17	1 356	DANIO FRAISE 450X1 NL	34	DANIO	BDA	4 800	5,314	10,627	12,96
111 240 247	31/03/2023 12:20:17	31/03/2023 17:28:18	182 437	DANIO COOKIE DOO 450X1 NL	34	DANIO	BDA	7 920	8,767	17,535	21,384
111 241 415	04/04/2023 12:18:21	04/04/2023 14:12:22	174 301	DANIO POM POIR BAN 150X1 BE SF	34	DANIO	BDA	1 920	0,778	1,555	1,728
111 241 680	04/04/2023 21:08:22	04/04/2023 23:14:22	28 939	DANIO PECHE 180X1 BE	34	DANIO	BDA	3 840	1,7	3,401	4,147
111 241 683	04/04/2023 16:04:21	04/04/2023 21:05:22	28 927	DANIO VANILLE 180X1 BE	34	DANIO	BDA	6 816	3,018	6,036	7,361
111 241 684	04/04/2023 05:07:21	04/04/2023 10:46:21	186 394	DANIO COOKIE CHO CHIP 150X1 BE SF	34	DANIO	BDA	1 968	0,886	1,771	1,771
111 241 685	04/04/2023 10:47:21	04/04/2023 12:17:21	174 306	DANIO SPECULOOS 150X1 BE SF	34	DANIO	BDA	1 584	0,713	1,426	1,426
111 241 687	04/04/2023 14:13:22	04/04/2023 16:00:21	174 300	DANIO FRTS ROUGES 150X1 BE SF	34	DANIO	BDA	1 920	0,76	1,521	1,728
111 241 699	05/04/2023 01:36:22	05/04/2023 04:28:22	171 945	DANIO BANANE 180X1 BE	34	DANIO	BDA	3 840	1,7	3,401	4,147
111 241 702	04/04/2023 23:16:22	05/04/2023 01:34:22	28 931	DANIO STRACCIATELLA 180X1 BE	34	DANIO	BDA	3 360	1,488	2,976	3,629
111 241 725	05/04/2023 04:30:22	05/04/2023 06:57:22	85 690	DANIO NECTARINE FRAMBOI 180X1 BE	34	DANIO	BDA	2 880	1,275	2,551	3,11
111 241 736	05/04/2023 08:49:22	05/04/2023 12:17:09	28 928	DANIO FRAISE 180X1 BE	34	DANIO	BDA	3 840	1,7	3,401	4,147
111 241 737	05/04/2023 06:58:22	05/04/2023 08:48:22	28 930	DANIO FRUITS EXOTIQUES 180X1 BE	34	DANIO	BDA	2 400	1,063	2,125	2,592
111 241 738	05/04/2023 12:19:09	05/04/2023 14:52:09	28 929	DANIO CERISE 180X1 BE	34	DANIO	BDA	5 184	2,295	4,591	5,599
111 241 750	05/04/2023 21:11:10	06/04/2023 01:39:10	3 567	DANIO MYRTILLE 450X1 NL	34	DANIO	BDA	7 200	7,97	15,941	19,44
111 241 864	06/04/2023 01:41:10	06/04/2023 06:20:10	153 449	DANIO CERISE 450X1 NL	34	DANIO	BDA	7 656	8,475	16,95	20,671
111 242 393	05/04/2023 12:49:09	06/04/2023 13:52:10	170 054	ACTIVIA BI PRUNE 120X4 DD UK	60	FUS	FUS	14 506	33,422	33,422	41,777
111 242 394	06/04/2023 13:53:10	06/04/2023 20:56:10	170 053	ACTIVIA BI MYR ACAI 120X4 DD UK	60	FUS	FUS	5 248	12,091	12,091	15,114
111 242 399	06/04/2023 06:21:10	06/04/2023 17:25:11	1 354	DANIO VANILLE 450X1 NL	34	DANIO	BDA	10 776	11,929	23,858	29,095
111 242 664	06/04/2023 22:28:11	07/04/2023 01:19:11	183 191	DANIO BANANE 450X1 NL	34	DANIO	BDA	4 560	5,048	10,096	12,312
111 242 671	06/04/2023 17:28:11	06/04/2023 22:23:11	74 629	DANIO MANGUE KIWI BANAN 450X1 NL	34	DANIO	BDA	8 064	8,927	17,854	21,773
111 242 679	07/04/2023 01:22:11	07/04/2023 08:38:11	1 358	DANIO PECHE 450X1 NL	34	DANIO	BDA	9 480	10,494	20,989	25,596
111 242 981	05/04/2023 14:57:09	05/04/2023 20:57:10	28 936	DANIO MYRTILLE 180X1 BE	34	DANIO	BDA	2 352	1,041	2,083	2,54
111 242 995	07/04/2023 13:56:11	08/04/2023 05:29:12	1 359	DANIO STRACCIATELLA 450X1 NL	34	DANIO	BDA	20 832	23,061	46,122	56,246
111 242 996	07/04/2023 08:48:11	07/04/2023 13:52:11	1 356	DANIO FRAISE 450X1 NL	34	DANIO	BDA	6 696	7,412	14,825	18,079
111 244 035	11/04/2023 06:09:14	11/04/2023 22:42:15	170 054	ACTIVIA BI PRUNE 120X4 DD UK	60	FUS	FUS	12 280	28,293	28,293	35,366
111 244 222	11/04/2023 22:43:15	12/04/2023 06:44:16	170 053	ACTIVIA BI MYR ACAI 120X4 DD UK	60	FUS	FUS	6 837	15,752	15,752	19,691
111 244 228	12/04/2023 23:28:21	13/04/2023 02:09:22	192 086	DANIO PEACH 165G 6PC BE	34	DANIO	BDA	3 840	1,559	3,117	3,802
111 244 229	11/04/2023 15:23:15	12/04/2023 11:59:16	192 065	DANIO COOKIE CHO CHIP 135X1 BE SF	34	DANIO	BDA	1 872	0,758	1,516	1,516
111 244 230	12/04/2023 18:34:21	12/04/2023 20:08:21	192 083	DANIO RED FRUITS 135X1 BE SF	34	DANIO	BDA	1 536	0,547	1,095	1,244
111 244 231	12/04/2023 20:13:21	12/04/2023 23:26:21	192 092	DANIO VAN 165G 6PC BE	34	DANIO	BDA	4 800	1,948	3,897	4,752
111 244 232	12/04/2023 12:08:16	12/04/2023 13:41:16	192 085	DANIO SPECULOOS 135X1 BE SF	34	DANIO	BDA	1 440	0,583	1,166	1,166
111 244 233	12/04/2023 13:42:16	12/04/2023 15:26:16	192 084	DANIO CHOCO HAZEL 135X1 BE SF	34	DANIO	BDA	1 536	0,622	1,244	1,244
111 244 234	12/04/2023 15:32:16	12/04/2023 18:33:21	192 078	DANIO APPL BA PEAR 135X1 BE SF	34	DANIO	BDA	2 016	0,735	1,47	1,633
111 244 775	13/04/2023 08:01:22	13/04/2023 12:11:17	192 089	DANIO EXOT FR 165G 6PC BE	34	DANIO	BDA	4 704	1,909	3,819	4,657
111 244 776	13/04/2023 12:22:17	13/04/2023 15:44:17	192 091	DANIO STRW 165G 6PC BE	34	DANIO	BDA	5 328	2,163	4,325	5,275
111 244 777	13/04/2023 02:10:22	13/04/2023 05:50:22	192 088	DANIO STRACC 165G 6PC BE	34	DANIO	BDA	4 800	1,948	3,897	4,752
111 244 778	13/04/2023 15:50:17	13/04/2023 17:43:17	192 087	DANIO BLUEB 165G 6PC BE	34	DANIO	BDA	2 256	0,916	1,831	2,233
111 244 779	13/04/2023 17:58:17	13/04/2023 22:22:17	192 090	DANIO CHERRY 165G 6PC BE	34	DANIO	BDA	6 240	2,533	5,066	6,178
111 244 780	13/04/2023 05:51:22	13/04/2023 08:00:22	192 069	DANIO NECT-RASPB 165G BE	34	DANIO	BDA	2 400	0,974	1,948	2,376
111 245 286	14/04/2023 03:08:18	14/04/2023 11:43:34	1 354	DANIO VANILLE 450X1 NL	34	DANIO	BDA	11 952	13,231	26,462	32,27
111 245 295	14/04/2023 20:26:34	15/04/2023 02:06:35	1 358	DANIO PECHE 450X1 NL	34	DANIO	BDA	9 576	10,601	21,201	25,855
111 245 296	14/04/2023 11:49:34	14/04/2023 17:35:34	3 567	DANIO MYRTILLE 450X1 NL	34	DANIO	BDA	9 360	10,362	20,723	25,272
111 245 297	14/04/2023 17:37:34	14/04/2023 20:22:34	183 191	DANIO BANANE 450X1 NL	34	DANIO	BDA	4 560	5,048	10,096	12,312
111 245 439	15/04/2023 02:13:35	15/04/2023 15:27:35	1 359	DANIO STRACCIATELLA 450X1 NL	34	DANIO	BDA	17 880	19,793	39,586	48,276
111 246 008	15/04/2023 15:32:35	15/04/2023 21:21:35	1 356	DANIO FRAISE 450X1 NL	34	DANIO	BDA	9 336	10,335	20,67	25,207
111 246 011	15/04/2023 21:26:35	16/04/2023 06:11:36	74 629	DANIO MANGUE KIWI BANAN 450X1 NL	34	DANIO	BDA	10 776	11,929	23,858	29,095
111 246 012	16/04/2023 06:18:36	16/04/2023 12:00:36	153 449	DANIO CERISE 450X1 NL	34	DANIO	BDA	8 376	9,272	18,544	22,615
111 246 451	16/04/2023 12:16:36	17/04/2023 00:35:36	182 437	DANIO COOKIE DOO 450X1 NL	34	DANIO	BDA	14 736	16,313	32,626	39,787
111 246 480	17/04/2023 01:04:36	17/04/2023 09:53:37	170 054	ACTIVIA BI PRUNE 120X4 DD UK	60	FUS	FUS	5 032	11,594	11,594	14,492
111 238 873	28/03/2023 06:50:14	28/03/2023 16:01:14	170 053	ACTIVIA BI MYR ACAI 120X4 DD UK	60	FUS	FUS	9 752	22,469	22,469	28,086
111 238 878	29/03/2023 03:08:15	29/03/2023 06:41:15	28 927	DANIO VANILLE 180X1 BE	34	DANIO	BDA	6 240	2,763	5,526	6,739
111 238 880	26/03/2023 21:07:12	28/03/2023 06:49:14	170 054	ACTIVIA BI PRUNE 120X4 DD UK	60	FUS	FUS	21 150	48,73	48,73	60,912
111 238 903	28/03/2023 15:32:15	28/03/2023 19:55:15	174 306	DANIO SPECULOOS 150X1 BE SF	34	DANIO	BDA	3 888	1,75	3,499	3,499
111 238 905	28/03/2023 22:54:15	29/03/2023 00:47:15	174 301	DANIO POM POIR BAN 150X1 BE SF	34	DANIO	BDA	2 928	1,186	2,372	2,635
111 238 908	28/03/2023 19:56:15	28/03/2023 22:50:15	174 309	DANIO CHOCO NOISET 150X1 BE SF	34	DANIO	BDA	1 968	0,886	1,771	1,771
111 238 911	29/03/2023 00:48:15	29/03/2023 03:07:15	174 300	DANIO FRTS ROUGES 150X1 BE SF	34	DANIO	BDA	2 496	0,988	1,977	2,246
111 239 291	29/03/2023 07:23:15	29/03/2023 09:40:15	28 939	DANIO PECHE 180X1 BE	34	DANIO	BDA	3 360	1,488	2,976	3,629
111 239 297	29/03/2023 16:04:15	29/03/2023 18:31:16	28 928	DANIO FRAISE 180X1 BE	34	DANIO	BDA	4 848	2,147	4,293	5,236
111 239 298	29/03/2023 18:33:16	29/03/2023 20:27:16	28 929	DANIO CERISE 180X1 BE	34	DANIO	BDA	3 360	1,488	2,976	3,629
111 239 373	29/03/2023 13:47:15	29/03/2023 16:03:16	28 930	DANIO FRUITS EXOTIQUES 180X1 BE	34	DANIO	BDA	2 400	1,063	2,125	2,592
111 239 374	29/03/2023 09:51:15	29/03/2023 12:20:15	28 931	DANIO STRACCIATELLA 180X1 BE	34	DANIO	BDA	4 800	2,125	4,251	5,184
111 239 381	29/03/2023 12:21:15	29/03/2023 13:45:15	85 690	DANIO NECTARINE FRAMBOI 180X1 BE	34	DANIO	BDA	2 400	1,063	2,125	2,592
111 239 547	31/03/2023 06:39:17	31/03/2023 08:37:17	153 449	DANIO CERISE 450X1 NL	34	DANIO	BDA	2 880	3,188	6,376	7,776
111 239 676	30/03/2023 15:26:16	30/03/2023 19:53:17	1 358	DANIO PECHE 450X1 NL	34	DANIO	BDA	5 496	6,084	12,168	14,839
111 239 677	30/03/2023 02:10:16	30/03/2023 13:18:16	3 567	DANIO MYRTILLE 450X1 NL	34	DANIO	BDA	5 880	6,509	13,018	15,876
111 239 678	29/03/2023 20:28:16	30/03/2023 02:09:16	1 354	DANIO VANILLE 450X1 NL	34	DANIO	BDA	7 176	7,944	15,888	19,375
111 239 679	30/03/2023 19:55:17	31/03/2023 01:33:17	1 359	DANIO STRACCIATELLA 450X1 NL	34	DANIO	BDA	9 624	10,654	21,308	25,985
111 239 723	30/03/2023 13:48:16	30/03/2023 15:24:16	183 191	DANIO BANANE 450X1 NL	34	DANIO	BDA	2 880	3,188	6,376	7,776
111 238 480	26/03/2023 01:16:12	26/03/2023 03:02:12	173 715	HIPRO MYRTILLE 160X1 NL	23	LFS	LFS	994	1,145	1,145	1,272
111 238 482	26/03/2023 04:57:12	26/03/2023 07:11:12	187 010	HIPRO FRT MYRT 160X2 BE	23	LFS	LFS	6 720	7,741	7,741	8,602
111 238 483	26/03/2023 03:04:12	26/03/2023 04:56:12	151 683	YOPRO MYRTILLE 160X1 RO	23	LFS	LFS	4 004	4,613	4,613	5,125
111 238 759	29/03/2023 11:25:15	29/03/2023 12:44:15	168 450	OIKOS 0% NATURE 145X2 BE	23	LFS	LFS	4 025	4,669	4,669	4,669
111 238 860	26/03/2023 07:12:12	26/03/2023 11:59:12	148 295	HIPRO FRT MYRT 160X2	23	LFS	LFS	17 311	19,942	19,942	22,158
111 238 888	27/03/2023 10:55:13	28/03/2023 07:40:14	187 273	LIGHT&FREE SKYR NAT 480X1	25	LFS	LFS	7 269	20,935	20,935	20,935
111 238 890	29/03/2023 06:58:15	29/03/2023 15:40:15	133 016	DANONE FRO FRAIS MAIGR 500X1 BE	25	DFF MAIGRE	BFF	2 941	2,409	8,823	8,823
111 238 892	28/03/2023 15:19:14	28/03/2023 20:13:15	133 017	DANONE FRO FRAIS MAIGR 100X4 BE	31	DFF MAIGRE	BFF	2 701	1,18	4,322	4,322
111 238 896	28/03/2023 15:31:14	28/03/2023 18:14:14	163 359	LIGHT&FREE SKYR MAN PAS 145X2	23	LFS	LFS	3 332	3,169	3,169	3,865
111 238 897	28/03/2023 12:32:14	28/03/2023 14:50:15	163 358	LIGHT&FREE SKYR FRM GRE 145X2	23	LFS	LFS	3 990	3,795	3,795	4,628
111 238 898	28/03/2023 05:44:14	28/03/2023 11:38:14	163 341	LIGHT&FREE SKYR MYR CRA 145X2	23	LFS	LFS	1 631	1,551	1,551	1,892
111 238 909	28/03/2023 16:39:14	31/03/2023 04:55:17	169 478	HIPRO SAV VAN 480X1	33	LFS	LFS	4 293	7,583	7,583	8,243
111 238 910	28/03/2023 15:24:14	28/03/2023 16:38:14	177 854	HIPRO VANILLE 450X1 NL	33	LFS	LFS	1 482	2,508	2,508	2,668
111 238 914	28/03/2023 12:43:14	28/03/2023 15:23:15	188 105	HIPRO STRACCIATELLA 450X1 NL	33	LFS	LFS	1 902	3,081	3,081	3,424
111 238 918	28/03/2023 18:15:14	28/03/2023 19:26:15	177 856	LIGHT&FREE SKYR FRAI 145X1	23	LFS	LFS	2 695	2,563	2,563	3,126
111 238 920	28/03/2023 14:51:14	28/03/2023 15:30:14	146 146	LIGHT&FREE SKYR FRAM GRE 145X1	23	LFS	LFS	1 351	1,285	1,285	1,567
111 238 921	28/03/2023 19:27:15	28/03/2023 23:47:15	146 158	LIGHT&FREE SKYR NAT 145X1	23	LFS	LFS	3 661	4,247	4,247	4,247
111 238 922	28/03/2023 11:40:14	28/03/2023 12:31:14	146 156	LIGHT&FREE SKYR MYRT CRAN 145X1	23	LFS	LFS	1 687	1,605	1,605	1,957
111 238 923	28/03/2023 23:48:15	29/03/2023 11:24:15	163 357	LIGHT&FREE SKYR NAT 145X2	23	LFS	LFS	4 004	4,645	4,645	4,645
111 239 292	29/03/2023 12:51:15	29/03/2023 14:59:15	154 091	LIGHT&FREE SKYR NATURE 145X2 BE	23	LFS	LFS	3 976	4,612	4,612	4,612
111 239 363	30/03/2023 06:25:16	30/03/2023 07:12:16	171 497	YOPRO COCO 160X1 PT	23	LFS	LFS	1 113	1,332	1,332	1,425
111 239 364	30/03/2023 04:34:16	30/03/2023 05:56:16	191 374	YOPRO CAR MACCHIATO 160X1 PT	23	LFS	LFS	2 604	3,033	3,033	3,333
111 239 365	29/03/2023 19:31:16	29/03/2023 23:03:16	146 442	LIGHT&FREE SKYR FRAMB 145X2 BE	23	LFS	LFS	7 322	7,474	7,474	8,494
111 239 367	30/03/2023 00:26:16	30/03/2023 01:49:16	159 617	LIGHT&FREE SKYR FRAISE 145X2 BE	23	LFS	LFS	1 631	1,665	1,665	1,892
111 239 368	30/03/2023 05:59:16	30/03/2023 06:23:16	176 977	YOPRO COCO 160X1 BG	23	LFS	LFS	406	0,486	0,486	0,52
111 239 369	30/03/2023 01:50:16	30/03/2023 04:33:16	148 289	HIPRO FRT CIT 160X2	23	LFS	LFS	8 323	9,588	9,588	10,653
111 239 370	29/03/2023 16:29:15	29/03/2023 17:34:16	175 159	LIGHT&FREE SKR BANA BC 150X1 UK	23	LFS	LFS	1 960	2,07	2,07	2,352
111 239 372	29/03/2023 17:35:15	29/03/2023 19:30:16	130 966	LIGHT AND FREE SKYR FRB 150X1 UK	23	LFS	LFS	2 331	2,462	2,462	2,797
111 239 382	29/03/2023 15:05:15	29/03/2023 16:28:15	177 858	LIGHT&FREE SKYR VAN 145X1	23	LFS	LFS	1 869	1,973	1,973	2,168
111 239 664	31/03/2023 04:00:17	31/03/2023 05:30:17	191 707	HIPRO SAV STRAC 160X2 BE	23	LFS	LFS	2 002	2,306	2,306	2,563
111 239 669	30/03/2023 23:55:17	31/03/2023 01:36:17	184 389	YOPRO C STRACCIATELLA 160X2 ES	23	LFS	LFS	2 674	3,08	3,08	3,423
111 239 671	30/03/2023 07:13:16	30/03/2023 10:05:16	169 033	HIPRO SAV COCO 160X2	23	LFS	LFS	10 017	11,988	11,988	12,822
111 239 672	30/03/2023 10:06:16	30/03/2023 23:54:17	177 837	HIPRO COCO 160X1 IT	23	LFS	LFS	8 533	10,212	10,212	10,922
111 239 674	31/03/2023 01:37:17	31/03/2023 03:05:17	183 192	YOPRO STRACCIATELLA 160X1 PT	23	LFS	LFS	4 361	5,024	5,024	5,582
111 239 730	31/03/2023 17:35:17	31/03/2023 18:27:18	173 716	HIPRO BEURRE C BANANE 160X1 NL	23	LFS	LFS	1 680	1,935	1,935	2,15
111 239 731	31/03/2023 03:06:17	31/03/2023 03:59:17	191 931	HIPRO STRACCIATELLA 160X1 NL	23	LFS	LFS	2 338	2,693	2,693	2,993
111 240 157	31/03/2023 19:34:18	31/03/2023 20:36:18	161 668	YOPRO BEURRE C BANANE 160X1 PT	23	LFS	LFS	2 765	3,185	3,185	3,539
111 240 158	31/03/2023 09:24:17	31/03/2023 17:31:18	171 498	HIPRO BEURRE C BANANE 160X1 IT	23	LFS	LFS	10 766	12,402	12,402	13,78
111 240 159	31/03/2023 20:37:18	31/03/2023 23:06:18	170 296	YOPRO CUIL BAN BEU CA 160X2 ES	23	LFS	LFS	6 356	7,322	7,322	8,136
111 240 240	31/03/2023 05:33:17	31/03/2023 09:22:17	183 833	HIPRO STRACIATELLA 160X1 IT	23	LFS	LFS	13 048	15,031	15,031	16,701
111 240 241	31/03/2023 18:31:18	31/03/2023 19:33:18	166 746	YOPRO BEURRE C BANANE 160X1 BG	23	LFS	LFS	3 024	3,484	3,484	3,871
111 240 520	29/03/2023 15:53:15	29/03/2023 19:55:15	133 016	DANONE FRO FRAIS MAIGR 500X1 BE	25	DFF MAIGRE	BFF	2 220	1,818	6,66	6,66
111 240 521	29/03/2023 23:04:16	30/03/2023 00:25:16	146 441	LIGHT&FREE SKYR TROPIC 145X2 BE	23	LFS	LFS	2 933	2,994	2,994	3,402
111 240 936	01/04/2023 17:19:18	01/04/2023 19:19:18	164 943	YOPRO VANILLE CUILLERE 160X2 ES	23	LFS	LFS	4 354	5,127	5,127	5,573
111 240 937	01/04/2023 19:20:18	01/04/2023 20:14:18	161 667	YOPRO VANILLE 160X1 PT	23	LFS	LFS	2 681	3,157	3,157	3,432
111 240 938	31/03/2023 23:07:18	01/04/2023 02:31:18	172 463	HIPRO SAV BEUR CACAHUE BAN 160X2	23	LFS	LFS	8 330	9,596	9,596	10,662
111 240 939	02/04/2023 03:18:19	02/04/2023 06:07:19	175 160	LIGHT&FREE SKR VAN CAR 150X1 UK	23	LFS	LFS	1 967	2,077	2,077	2,36
111 241 140	02/04/2023 06:55:19	02/04/2023 07:54:19	151 683	YOPRO MYRTILLE 160X1 RO	23	LFS	LFS	959	1,105	1,105	1,228
111 241 141	02/04/2023 06:11:19	02/04/2023 06:52:19	173 715	HIPRO MYRTILLE 160X1 NL	23	LFS	LFS	994	1,145	1,145	1,272
111 241 145	01/04/2023 20:15:18	02/04/2023 03:17:19	176 473	HIPRO VANILLE 160X1 IT	23	LFS	LFS	8 946	10,535	10,535	11,451
111 241 146	01/04/2023 15:28:18	01/04/2023 17:18:18	187 009	HIPRO SAV VAN 160X2 BE	23	LFS	LFS	3 955	4,657	4,657	5,062
111 241 148	02/04/2023 07:58:19	02/04/2023 08:47:19	187 010	HIPRO FRT MYRT 160X2 BE	23	LFS	LFS	2 688	3,097	3,097	3,441
111 241 509	01/04/2023 05:48:18	01/04/2023 15:27:18	158 813	HIPRO SAV VAN 160X2	23	LFS	LFS	23 513	27,689	27,689	30,097
111 241 512	02/04/2023 08:48:19	02/04/2023 18:37:19	148 295	HIPRO FRT MYRT 160X2	23	LFS	LFS	21 840	25,16	25,16	27,955
111 241 517	04/04/2023 20:18:22	04/04/2023 21:59:22	163 359	LIGHT&FREE SKYR MAN PAS 145X2	23	LFS	LFS	3 374	3,209	3,209	3,914
111 241 692	04/04/2023 18:47:22	04/04/2023 20:17:22	163 358	LIGHT&FREE SKYR FRM GRE 145X2	23	LFS	LFS	4 039	3,842	3,842	4,685
111 241 695	04/04/2023 17:42:21	04/04/2023 18:46:21	146 146	LIGHT&FREE SKYR FRAM GRE 145X1	23	LFS	LFS	2 674	2,544	2,544	3,102
111 241 696	03/04/2023 22:58:20	04/04/2023 23:43:21	187 273	LIGHT&FREE SKYR NAT 480X1	25	LFS	LFS	4 980	14,342	14,342	14,342
111 241 698	04/04/2023 12:27:21	04/04/2023 17:41:22	163 341	LIGHT&FREE SKYR MYR CRA 145X2	23	LFS	LFS	2 688	2,557	2,557	3,118
111 241 722	05/04/2023 08:53:22	05/04/2023 09:53:22	192 556	HIPRO STRAWBERRY 160X1 NL	23	LFS	LFS	1 631	1,837	1,837	2,088
111 241 723	05/04/2023 09:58:22	05/04/2023 10:45:22	171 497	YOPRO COCO 160X1 PT	23	LFS	LFS	1 666	1,994	1,994	2,132
111 241 727	05/04/2023 08:22:22	05/04/2023 11:14:22	133 017	DANONE FRO FRAIS MAIGR 100X4 BE	31	DFF MAIGRE	BFF	2 727	1,191	4,363	4,363
111 241 733	05/04/2023 04:10:22	05/04/2023 07:41:22	148 289	HIPRO FRT CIT 160X2	23	LFS	LFS	9 982	11,499	11,499	12,777
111 241 734	05/04/2023 07:43:22	05/04/2023 08:49:22	191 373	YOPRO CAR MACCHIATO 160X2 ES	23	LFS	LFS	2 611	3,041	3,041	3,342
111 241 741	04/04/2023 22:00:22	04/04/2023 23:33:22	146 161	LIGHT&FREE SKYR MANG PASS 145X1	23	LFS	LFS	3 395	3,229	3,229	3,938
111 241 742	06/04/2023 16:48:10	06/04/2023 21:30:10	133 016	DANONE FRO FRAIS MAIGR 500X1 BE	25	DFF MAIGRE	BFF	2 824	2,313	8,472	8,472
111 241 748	05/04/2023 10:47:22	05/04/2023 12:18:09	177 822	YOPRO COCO 160X2 ES	23	LFS	LFS	4 354	5,211	5,211	5,573
111 241 761	05/04/2023 00:46:22	05/04/2023 02:10:22	154 091	LIGHT&FREE SKYR NATURE 145X2 BE	23	LFS	LFS	3 325	3,857	3,857	3,857
111 241 862	05/04/2023 12:20:09	05/04/2023 19:42:10	177 837	HIPRO COCO 160X1 IT	23	LFS	LFS	5 313	6,359	6,359	6,801
111 241 865	07/04/2023 00:50:11	07/04/2023 01:46:11	191 707	HIPRO SAV STRAC 160X2 BE	23	LFS	LFS	1 666	1,919	1,919	2,132
111 242 397	05/04/2023 19:43:10	05/04/2023 22:20:10	169 033	HIPRO SAV COCO 160X2	23	LFS	LFS	3 605	4,314	4,314	4,614
111 242 398	07/04/2023 01:47:11	07/04/2023 04:26:11	183 833	HIPRO STRACIATELLA 160X1 IT	23	LFS	LFS	7 903	9,104	9,104	10,116
111 242 660	07/04/2023 07:02:11	07/04/2023 08:09:11	183 192	YOPRO STRACCIATELLA 160X1 PT	23	LFS	LFS	3 682	4,242	4,242	4,713
111 242 661	07/04/2023 11:56:11	07/04/2023 12:35:11	173 716	HIPRO BEURRE C BANANE 160X1 NL	23	LFS	LFS	1 372	1,581	1,581	1,756
111 242 662	07/04/2023 09:39:11	07/04/2023 11:53:11	171 498	HIPRO BEURRE C BANANE 160X1 IT	23	LFS	LFS	3 318	3,822	3,822	4,247
111 242 667	07/04/2023 12:36:11	07/04/2023 13:08:11	166 746	YOPRO BEURRE C BANANE 160X1 BG	23	LFS	LFS	1 001	1,153	1,153	1,281
111 242 673	07/04/2023 04:27:11	07/04/2023 06:59:11	184 389	YOPRO C STRACCIATELLA 160X2 ES	23	LFS	LFS	7 357	8,475	8,475	9,417
111 242 739	05/04/2023 22:21:10	06/04/2023 00:46:10	177 858	LIGHT&FREE SKYR VAN 145X1	23	LFS	LFS	2 597	2,741	2,741	3,013
111 242 980	04/04/2023 23:34:22	05/04/2023 00:45:22	177 856	LIGHT&FREE SKYR FRAI 145X1	23	LFS	LFS	1 701	1,618	1,618	1,973
111 242 988	07/04/2023 13:09:11	07/04/2023 13:54:11	161 668	YOPRO BEURRE C BANANE 160X1 PT	23	LFS	LFS	1 995	2,298	2,298	2,554
111 242 989	07/04/2023 13:55:11	07/04/2023 16:14:11	170 296	YOPRO CUIL BAN BEU CA 160X2 ES	23	LFS	LFS	7 700	8,87	8,87	9,856
111 242 997	07/04/2023 16:15:11	07/04/2023 21:42:12	172 463	HIPRO SAV BEUR CACAHUE BAN 160X2	23	LFS	LFS	11 655	13,427	13,427	14,918
111 243 309	07/04/2023 08:11:11	07/04/2023 09:19:11	191 931	HIPRO STRACCIATELLA 160X1 NL	23	LFS	LFS	3 626	4,177	4,177	4,641
111 243 531	09/04/2023 06:30:13	09/04/2023 07:34:13	151 683	YOPRO MYRTILLE 160X1 RO	23	LFS	LFS	2 338	2,693	2,693	2,993
111 243 532	08/04/2023 20:38:12	09/04/2023 00:44:13	164 943	YOPRO VANILLE CUILLERE 160X2 ES	23	LFS	LFS	10 710	12,612	12,612	13,709
111 243 533	09/04/2023 05:05:13	09/04/2023 06:29:13	173 715	HIPRO MYRTILLE 160X1 NL	23	LFS	LFS	1 589	1,831	1,831	2,034
111 243 534	09/04/2023 00:46:13	09/04/2023 02:00:13	161 667	YOPRO VANILLE 160X1 PT	23	LFS	LFS	4 004	4,715	4,715	5,125
111 243 535	08/04/2023 18:54:12	08/04/2023 20:32:12	187 009	HIPRO SAV VAN 160X2 BE	23	LFS	LFS	5 362	6,314	6,314	6,863
111 243 641	09/04/2023 02:03:13	09/04/2023 03:42:13	176 473	HIPRO VANILLE 160X1 IT	23	LFS	LFS	5 922	6,974	6,974	7,58
111 243 642	09/04/2023 07:35:13	09/04/2023 08:44:13	187 010	HIPRO FRT MYRT 160X2 BE	23	LFS	LFS	3 710	4,274	4,274	4,749
111 243 648	06/04/2023 20:15:10	07/04/2023 00:49:11	169 033	HIPRO SAV COCO 160X2	23	LFS	LFS	6 125	7,33	7,33	7,84
111 243 913	07/04/2023 21:43:12	08/04/2023 18:52:12	158 813	HIPRO SAV VAN 160X2	23	LFS	LFS	36 708	43,227	43,227	46,986
111 244 115	09/04/2023 08:45:13	09/04/2023 20:27:13	148 295	HIPRO FRT MYRT 160X2	23	LFS	LFS	23 198	26,724	26,724	29,693
111 244 162	09/04/2023 23:45:13	10/04/2023 01:43:13	177 854	HIPRO VANILLE 450X1 NL	33	LFS	LFS	2 190	3,705	3,705	3,942
111 244 163	09/04/2023 03:45:13	09/04/2023 04:58:13	175 159	LIGHT&FREE SKR BANA BC 150X1 UK	23	LFS	LFS	1 575	1,663	1,663	1,89
111 244 164	09/04/2023 17:32:13	09/04/2023 23:44:13	188 105	HIPRO STRACCIATELLA 450X1 NL	33	LFS	LFS	2 820	4,568	4,568	5,076
111 244 165	10/04/2023 01:44:13	12/04/2023 20:00:21	181 263	HIPRO VANILLE 480X1 BE	33	LFS	LFS	633	1,118	1,118	1,215
111 244 181	11/04/2023 11:32:15	12/04/2023 02:36:15	187 273	LIGHT&FREE SKYR NAT 480X1	25	LFS	LFS	6 480	18,662	18,662	18,662
111 244 196	12/04/2023 11:34:16	12/04/2023 13:19:16	163 357	LIGHT&FREE SKYR NAT 145X2	23	LFS	LFS	3 759	4,36	4,36	4,36
111 244 202	12/04/2023 20:09:21	12/04/2023 23:43:21	133 017	DANONE FRO FRAIS MAIGR 100X4 BE	31	DFF MAIGRE	BFF	3 299	1,441	5,278	5,278
111 244 203	12/04/2023 05:46:16	12/04/2023 06:37:16	163 341	LIGHT&FREE SKYR MYR CRA 145X2	23	LFS	LFS	1 337	1,272	1,272	1,551
111 244 212	12/04/2023 09:15:16	12/04/2023 10:34:16	163 359	LIGHT&FREE SKYR MAN PAS 145X2	23	LFS	LFS	3 073	2,923	2,923	3,565
111 244 213	12/04/2023 08:06:16	12/04/2023 09:13:16	163 358	LIGHT&FREE SKYR FRM GRE 145X2	23	LFS	LFS	3 360	3,196	3,196	3,898
111 244 214	12/04/2023 10:39:16	12/04/2023 11:32:16	146 158	LIGHT&FREE SKYR NAT 145X1	23	LFS	LFS	1 659	1,924	1,924	1,924
111 244 217	12/04/2023 07:19:16	12/04/2023 08:04:16	146 146	LIGHT&FREE SKYR FRAM GRE 145X1	23	LFS	LFS	1 666	1,585	1,585	1,933
111 244 218	12/04/2023 16:03:16	12/04/2023 22:45:21	133 016	DANONE FRO FRAIS MAIGR 500X1 BE	25	DFF MAIGRE	BFF	2 642	2,164	7,926	7,926
111 244 224	12/04/2023 06:38:16	12/04/2023 07:15:16	146 156	LIGHT&FREE SKYR MYRT CRAN 145X1	23	LFS	LFS	1 323	1,258	1,258	1,535
111 244 235	12/04/2023 00:05:16	12/04/2023 05:45:16	177 856	LIGHT&FREE SKYR FRAI 145X1	23	LFS	LFS	1 659	1,578	1,578	1,924
111 244 709	13/04/2023 15:01:17	13/04/2023 16:27:17	191 373	YOPRO CAR MACCHIATO 160X2 ES	23	LFS	LFS	3 269	3,808	3,808	4,184
111 244 710	12/04/2023 20:50:21	12/04/2023 22:47:21	154 091	LIGHT&FREE SKYR NATURE 145X2 BE	23	LFS	LFS	4 641	5,384	5,384	5,384
111 244 760	13/04/2023 18:09:17	13/04/2023 22:58:17	176 977	YOPRO COCO 160X1 BG	23	LFS	LFS	336	0,402	0,402	0,43
111 244 762	13/04/2023 13:40:17	13/04/2023 15:00:17	191 374	YOPRO CAR MACCHIATO 160X1 PT	23	LFS	LFS	3 003	3,498	3,498	3,844
111 244 763	13/04/2023 05:46:22	13/04/2023 07:03:22	146 441	LIGHT&FREE SKYR TROPIC 145X2 BE	23	LFS	LFS	3 304	3,373	3,373	3,833
111 244 764	13/04/2023 22:59:17	13/04/2023 23:48:17	171 497	YOPRO COCO 160X1 PT	23	LFS	LFS	1 995	2,388	2,388	2,554
111 244 765	13/04/2023 03:32:21	13/04/2023 05:41:22	146 442	LIGHT&FREE SKYR FRAMB 145X2 BE	23	LFS	LFS	5 978	6,102	6,102	6,934
111 244 766	13/04/2023 01:42:21	13/04/2023 03:31:21	130 966	LIGHT AND FREE SKYR FRB 150X1 UK	23	LFS	LFS	2 345	2,476	2,476	2,814
111 244 768	13/04/2023 16:33:17	13/04/2023 18:02:17	159 617	LIGHT&FREE SKYR FRAISE 145X2 BE	23	LFS	LFS	2 625	2,68	2,68	3,045
111 244 770	12/04/2023 13:21:16	12/04/2023 20:49:21	168 450	OIKOS 0% NATURE 145X2 BE	23	LFS	LFS	10 332	11,985	11,985	11,985
111 244 773	12/04/2023 22:48:21	13/04/2023 01:41:21	175 160	LIGHT&FREE SKR VAN CAR 150X1 UK	23	LFS	LFS	1 484	1,567	1,567	1,781
111 244 774	13/04/2023 07:04:22	13/04/2023 07:58:22	163 987	CORPOS DAN PASSI CHIA 145X1 PT	23	LFS	LFS	1 253	1,308	1,308	1,453
111 244 782	12/04/2023 22:53:21	13/04/2023 00:34:21	177 858	LIGHT&FREE SKYR VAN 145X1	23	LFS	LFS	1 631	1,722	1,722	1,892
111 244 784	13/04/2023 22:39:17	14/04/2023 07:36:18	169 478	HIPRO SAV VAN 480X1	33	LFS	LFS	384	0,678	0,678	0,737
111 245 287	13/04/2023 23:49:17	14/04/2023 00:57:17	177 822	YOPRO COCO 160X2 ES	23	LFS	LFS	2 681	3,209	3,209	3,432
111 245 288	13/04/2023 08:01:22	13/04/2023 13:35:17	148 289	HIPRO FRT CIT 160X2	23	LFS	LFS	14 980	17,257	17,257	19,174
111 245 289	14/04/2023 12:22:34	14/04/2023 13:45:34	191 707	HIPRO SAV STRAC 160X2 BE	23	LFS	LFS	1 666	1,919	1,919	2,132
111 245 290	14/04/2023 00:58:17	14/04/2023 04:50:18	169 033	HIPRO SAV COCO 160X2	23	LFS	LFS	10 017	11,988	11,988	12,822
111 245 291	15/04/2023 00:35:34	15/04/2023 00:59:34	173 716	HIPRO BEURRE C BANANE 160X1 NL	23	LFS	LFS	994	1,145	1,145	1,272
111 245 292	14/04/2023 11:03:34	14/04/2023 12:18:34	183 192	YOPRO STRACCIATELLA 160X1 PT	23	LFS	LFS	3 003	3,459	3,459	3,844
111 245 293	14/04/2023 04:51:18	14/04/2023 08:35:18	177 837	HIPRO COCO 160X1 IT	23	LFS	LFS	7 903	9,458	9,458	10,116
111 245 294	14/04/2023 08:44:34	14/04/2023 11:02:34	184 389	YOPRO C STRACCIATELLA 160X2 ES	23	LFS	LFS	8 386	9,661	9,661	10,734
111 245 434	14/04/2023 13:48:34	14/04/2023 21:42:34	183 833	HIPRO STRACIATELLA 160X1 IT	23	LFS	LFS	11 340	13,064	13,064	14,515
111 245 435	15/04/2023 03:22:34	15/04/2023 05:56:35	170 296	YOPRO CUIL BAN BEU CA 160X2 ES	23	LFS	LFS	9 044	10,419	10,419	11,576
111 245 436	14/04/2023 21:43:34	15/04/2023 00:34:34	171 498	HIPRO BEURRE C BANANE 160X1 IT	23	LFS	LFS	7 686	8,854	8,854	9,838
111 245 438	15/04/2023 02:26:34	15/04/2023 03:21:34	161 668	YOPRO BEURRE C BANANE 160X1 PT	23	LFS	LFS	3 017	3,476	3,476	3,862
111 245 483	15/04/2023 01:00:34	15/04/2023 02:25:34	166 746	YOPRO BEURRE C BANANE 160X1 BG	23	LFS	LFS	2 002	2,306	2,306	2,563
111 246 009	15/04/2023 05:59:35	15/04/2023 12:24:35	172 463	HIPRO SAV BEUR CACAHUE BAN 160X2	23	LFS	LFS	8 281	9,54	9,54	10,6
111 246 297	16/04/2023 17:01:36	16/04/2023 22:40:36	148 295	HIPRO FRT MYRT 160X2	23	LFS	LFS	19 152	22,063	22,063	24,515
111 246 446	16/04/2023 15:07:36	16/04/2023 15:53:36	151 683	YOPRO MYRTILLE 160X1 RO	23	LFS	LFS	2 002	2,306	2,306	2,563
111 246 447	16/04/2023 14:04:36	16/04/2023 15:03:36	173 715	HIPRO MYRTILLE 160X1 NL	23	LFS	LFS	1 323	1,524	1,524	1,693
111 246 448	15/04/2023 12:27:35	16/04/2023 00:27:35	158 813	HIPRO SAV VAN 160X2	23	LFS	LFS	26 880	31,654	31,654	34,406
111 246 449	16/04/2023 07:35:36	16/04/2023 14:03:36	176 473	HIPRO VANILLE 160X1 IT	23	LFS	LFS	7 952	9,364	9,364	10,179
111 246 450	16/04/2023 05:08:36	16/04/2023 07:34:36	161 667	YOPRO VANILLE 160X1 PT	23	LFS	LFS	4 039	4,756	4,756	5,17
111 246 452	16/04/2023 00:28:35	16/04/2023 01:35:35	187 009	HIPRO SAV VAN 160X2 BE	23	LFS	LFS	3 976	4,682	4,682	5,089
111 246 455	16/04/2023 15:56:36	16/04/2023 17:00:36	187 010	HIPRO FRT MYRT 160X2 BE	23	LFS	LFS	3 024	3,484	3,484	3,871
111 246 456	16/04/2023 01:36:35	16/04/2023 05:07:35	164 943	YOPRO VANILLE CUILLERE 160X2 ES	23	LFS	LFS	12 733	14,994	14,994	16,298
111 239 721	29/03/2023 20:34:15	29/03/2023 21:33:15	132 576	ACTIVIA FRT  PEC FRAMB 125X4	90	FFA	FFA	1 350	3,564	3,564	4,05
111 239 726	30/03/2023 14:57:16	30/03/2023 17:26:16	131 482	ACTIVIA FRT ANANAS 125X4 OD	90	FFA	FFA	1 770	4,673	4,673	5,31
111 239 727	30/03/2023 00:16:15	30/03/2023 04:07:16	90 772	ACTIVIA 0% PANACHE FRTS 125X8	90	AF0	AF0	1 224	3,167	3,167	3,672
111 239 728	29/03/2023 21:34:15	30/03/2023 00:15:15	151 704	ACTIVIA 0% PECHE 125X4 NL	90	AF0	AF0	1 062	2,772	2,772	3,186
111 239 729	29/03/2023 12:48:15	30/03/2023 02:05:15	170 046	ACTIVIA RHUBARBE 115X4 DD UK	10	FFA	FFA	12 004	29,155	29,155	33,131
111 240 245	31/03/2023 04:53:17	31/03/2023 23:11:18	170 048	ACTIVIA 0% PECHE 115X4 DD UK	60	AF0	AF0	16 508	39,639	39,639	45,562
111 240 246	31/03/2023 05:22:17	31/03/2023 19:17:17	170 051	ACTIVIA 0% VANILLE 115X4 DD UK	10	AF0	AF0	13 604	34,543	34,543	37,547
111 240 248	31/03/2023 15:08:17	31/03/2023 19:31:17	132 575	ACTIVIA FRUIT MYRTILLE 125X4	90	FFA	FFA	4 932	13,02	13,02	14,796
111 240 249	31/03/2023 20:58:17	01/04/2023 00:06:17	132 535	ACTIVIA FRT MURES FRAMB 125X4	90	FFA	FFA	4 368	11,532	11,532	13,104
111 240 250	31/03/2023 02:34:17	31/03/2023 04:09:17	131 477	ACTIVIA FRT POIRE 125X4 OD	90	FFA	FFA	642	1,695	1,695	1,926
111 240 251	31/03/2023 04:10:17	31/03/2023 12:58:17	132 572	ACTIVIA FRT POIRE 125X4	90	FFA	FFA	6 042	15,951	15,951	18,126
111 240 252	31/03/2023 12:59:17	31/03/2023 15:07:17	136 435	ACTIVIA FRUITS MYRT 125X4 OD	90	FFA	FFA	1 002	2,645	2,645	3,006
111 240 254	30/03/2023 02:07:15	31/03/2023 05:20:17	170 047	ACTIVIA 0% CERISE 115X4 DD UK	10	AF0	AF0	21 524	50,495	50,495	59,406
111 240 256	31/03/2023 19:32:17	31/03/2023 20:57:17	131 388	ACTIVIA MURES FRAMB 125X4 OD	90	FFA	FFA	636	1,679	1,679	1,908
111 241 143	01/04/2023 12:54:18	01/04/2023 21:34:18	170 050	ACTIV0% FRAMBOISE 115X4 DD UK	10	AF0	AF0	11 284	28,029	28,029	31,144
111 241 150	01/04/2023 04:15:18	01/04/2023 11:23:18	142 378	ACTIVIA FRAISE 125X4 NL	90	FFA	FFA	7 092	18,723	18,723	21,276
111 241 236	01/04/2023 11:24:18	01/04/2023 13:39:18	132 526	ACTIVIA FRT FIGUE 125X4	90	FFA	FFA	2 436	6,431	6,431	7,308
111 241 414	03/04/2023 21:47:20	04/04/2023 06:43:21	175 736	ACTIV FRT EDT LTE 115X4 DD UK	10	FFA	FFA	1 450	3,522	3,522	4,002
111 241 514	04/04/2023 06:44:21	05/04/2023 06:12:22	170 043	ACTIVIA FRAISE 115X4 DD UK	10	FFA	FFA	27 016	65,616	65,616	74,564
111 241 515	05/04/2023 09:47:22	05/04/2023 20:39:09	2 120	VITAL FROMAGE 500G	25	DFF EXTRA MAIGR	BFF	187	0,168	0,561	0,561
111 241 726	05/04/2023 11:15:22	05/04/2023 19:51:10	102 483	JOCKEY FB NAT 3% 100X8	31	20%	BFF	7 985	6,976	25,552	25,552
111 241 740	04/04/2023 21:20:21	05/04/2023 08:21:22	177 571	LIGHT&FREE FROM NAT 100X8	31	DFF EXTRA MAIGR	BFF	9 560	9,178	30,592	30,592
111 241 752	06/04/2023 06:04:10	06/04/2023 07:45:10	142 204	ACTIVIA FIGUE 125X4 NL	90	FFA	FFA	1 071	2,827	2,827	3,213
111 241 753	06/04/2023 08:39:10	06/04/2023 10:05:10	132 526	ACTIVIA FRT FIGUE 125X4	90	FFA	FFA	2 172	5,734	5,734	6,516
111 241 754	05/04/2023 08:34:22	06/04/2023 03:01:09	142 387	ACTIVIA MURFRB 125X4 NL IE	90	FFA	FFA	1 245	3,287	3,287	3,735
111 241 755	06/04/2023 04:03:10	06/04/2023 06:00:10	142 389	ACTIVIA MYRTILLE 125X4 NL	90	FFA	FFA	1 068	2,82	2,82	3,204
111 241 757	06/04/2023 10:06:10	06/04/2023 13:19:10	142 393	ACTIVIA FR PAN 125X8 NL	90	FFA	FFA	528	2,788	2,788	3,168
111 241 758	03/04/2023 23:25:20	05/04/2023 06:29:22	170 005	ACTIVIA FRTS PANACH 115X8 DD UK	60	FFA	FFA	11 463	55,683	55,683	63,276
111 241 759	06/04/2023 07:49:10	06/04/2023 08:38:10	131 384	ACTIVIA FIGUE 125X4 OD	90	FFA	FFA	864	2,281	2,281	2,592
111 242 395	06/04/2023 20:57:10	06/04/2023 23:10:10	170 034	ACTIVIA MIX FTS RGES 115X8 DD UK	60	FFA	FFA	570	2,769	2,769	3,146
111 242 663	05/04/2023 06:13:22	05/04/2023 23:30:09	170 046	ACTIVIA RHUBARBE 115X4 DD UK	10	FFA	FFA	20 764	50,432	50,432	57,309
111 242 675	06/04/2023 22:33:10	07/04/2023 03:13:10	132 573	ACTIVIA ABR POI FIG CER 125X8	90	FFA	FFA	4 944	13,052	13,052	14,832
111 242 676	06/04/2023 13:20:10	06/04/2023 18:36:10	132 570	ACTIVIA ANAN RHUB FIG PRU 125X8	90	FFA	FFA	6 468	17,076	17,076	19,404
111 242 677	07/04/2023 03:23:10	07/04/2023 09:11:11	132 540	ACTIVIA FRT ANANAS 125X4	90	FFA	FFA	7 578	20,006	20,006	22,734
111 242 678	06/04/2023 18:37:10	06/04/2023 22:24:10	132 522	ACTIVIA FRT PANACHE 125X12	90	FFA	FFA	2 145	11,326	11,326	12,87
111 242 680	06/04/2023 01:55:09	06/04/2023 20:08:10	170 047	ACTIVIA 0% CERISE 115X4 DD UK	10	AF0	AF0	19 712	46,244	46,244	54,405
111 242 990	08/04/2023 03:01:11	08/04/2023 05:32:11	132 568	ACTIVIA FRT KIWI 125X4	90	FFA	FFA	1 488	3,928	3,928	4,464
111 242 994	06/04/2023 20:09:10	07/04/2023 06:00:10	170 051	ACTIVIA 0% VANILLE 115X4 DD UK	10	AF0	AF0	12 408	31,506	31,506	34,246
111 242 998	06/04/2023 23:11:10	07/04/2023 10:28:11	170 006	ACTIVIA FRTS NOIRS 115X8 DD UK	60	FFA	FFA	6 039	29,335	29,335	33,335
111 242 999	07/04/2023 10:33:11	07/04/2023 17:49:11	170 042	ACTIV0% FRTS PANACH 115X8 DD UK	60	AF0	AF0	3 798	18,344	18,344	20,965
111 243 101	07/04/2023 12:07:11	07/04/2023 14:10:11	90 772	ACTIVIA 0% PANACHE FRTS 125X8	90	AF0	AF0	1 656	4,285	4,285	4,968
111 243 102	07/04/2023 09:20:11	07/04/2023 11:56:11	151 704	ACTIVIA 0% PECHE 125X4 NL	90	AF0	AF0	1 068	2,787	2,787	3,204
111 243 103	07/04/2023 14:11:11	07/04/2023 16:19:11	138 217	ACTIVIA 0% FRTS PAN 125X16 OD	90	AF0	AF0	759	3,928	3,928	4,554
111 243 104	07/04/2023 16:20:11	08/04/2023 03:00:11	90 773	ACTIVIA 0% PANACHE FRTS 125X12	90	AF0	AF0	6 690	34,621	34,621	40,14
111 243 527	08/04/2023 05:33:11	08/04/2023 10:27:12	132 575	ACTIVIA FRUIT MYRTILLE 125X4	90	FFA	FFA	6 450	17,028	17,028	19,35
111 243 528	08/04/2023 12:45:12	08/04/2023 15:47:12	132 539	ACTIVIA FRT RHUBARBE 125X4	90	FFA	FFA	2 574	6,795	6,795	7,722
111 243 529	08/04/2023 10:28:12	08/04/2023 12:44:12	132 576	ACTIVIA FRT  PEC FRAMB 125X4	90	FFA	FFA	1 920	5,069	5,069	5,76
111 243 538	07/04/2023 06:01:10	08/04/2023 10:29:12	170 048	ACTIVIA 0% PECHE 115X4 DD UK	10	AF0	AF0	31 831	76,433	76,433	87,854
111 243 539	08/04/2023 10:30:12	08/04/2023 21:52:12	170 050	ACTIV0% FRAMBOISE 115X4 DD UK	10	AF0	AF0	13 662	33,936	33,936	37,707
111 243 640	07/04/2023 17:50:11	08/04/2023 08:25:12	170 039	ACTIVIA 0% FTS RGES 115X8 DD UK	60	AF0	AF0	10 059	48,03	48,03	55,526
111 243 647	06/04/2023 12:20:10	06/04/2023 16:47:10	2 120	VITAL FROMAGE 500G	25	DFF EXTRA MAIGR	BFF	2 090	1,881	6,27	6,27
111 243 909	08/04/2023 18:30:12	08/04/2023 23:42:12	132 572	ACTIVIA FRT POIRE 125X4	90	FFA	FFA	5 388	14,224	14,224	16,164
111 243 910	08/04/2023 15:48:12	08/04/2023 18:29:12	132 535	ACTIVIA FRT MURES FRAMB 125X4	90	FFA	FFA	3 234	8,538	8,538	9,702
111 243 911	08/04/2023 23:43:12	09/04/2023 01:23:12	131 478	ACTIVIA FRT PRUNEAU 125X4 OD	90	FFA	FFA	882	2,328	2,328	2,646
111 243 912	09/04/2023 01:24:12	09/04/2023 07:44:13	132 536	ACTIVIA FRT PRUNEAU 125X4	90	FFA	FFA	9 078	23,966	23,966	27,234
111 243 919	08/04/2023 21:53:12	09/04/2023 08:03:12	170 052	ACTIVIA 0% FRAISE 115X4 DD UK	10	AF0	AF0	13 077	29,235	29,235	36,093
111 243 966	06/04/2023 22:13:10	07/04/2023 00:11:10	2 120	VITAL FROMAGE 500G	25	DFF EXTRA MAIGR	BFF	678	0,61	2,034	2,034
111 244 039	11/04/2023 05:43:14	11/04/2023 10:34:15	175 736	ACTIV FRT EDT LTE 115X4 DD UK	10	FFA	FFA	1 056	2,565	2,565	2,915
111 244 160	08/04/2023 23:15:12	09/04/2023 10:20:13	170 043	ACTIVIA FRAISE 115X4 DD UK	60	FFA	FFA	11 582	28,13	28,13	31,966
111 244 168	08/04/2023 08:26:12	08/04/2023 23:13:12	170 046	ACTIVIA RHUBARBE 115X4 DD UK	60	FFA	FFA	15 136	36,762	36,762	41,775
111 244 184	11/04/2023 23:43:15	12/04/2023 01:42:15	142 387	ACTIVIA MURFRB 125X4 NL IE	90	FFA	FFA	1 506	3,976	3,976	4,518
111 244 185	11/04/2023 12:11:15	11/04/2023 23:42:15	142 378	ACTIVIA FRAISE 125X4 NL	90	FFA	FFA	9 660	25,502	25,502	28,98
111 244 187	12/04/2023 18:57:21	12/04/2023 20:07:21	104 577	VITALINEA 0% FROM NAT 100X4 BE	31	DFF EXTRA MAIGR	BFF	952	0,457	1,523	1,523
111 244 189	11/04/2023 10:35:15	12/04/2023 01:52:15	170 043	ACTIVIA FRAISE 115X4 DD UK	10	FFA	FFA	15 573	37,824	37,824	42,981
111 244 205	12/04/2023 14:47:16	12/04/2023 17:47:21	142 393	ACTIVIA FR PAN 125X8 NL	90	FFA	FFA	516	2,724	2,724	3,096
111 244 206	12/04/2023 03:12:15	12/04/2023 08:18:16	142 204	ACTIVIA FIGUE 125X4 NL	90	FFA	FFA	2 148	5,671	5,671	6,444
111 244 207	12/04/2023 08:19:16	12/04/2023 14:46:16	132 526	ACTIVIA FRT FIGUE 125X4	90	FFA	FFA	3 786	9,995	9,995	11,358
111 244 208	12/04/2023 01:43:15	12/04/2023 03:11:15	142 389	ACTIVIA MYRTILLE 125X4 NL	90	FFA	FFA	1 068	2,82	2,82	3,204
111 244 215	12/04/2023 08:08:16	12/04/2023 18:56:21	177 571	LIGHT&FREE FROM NAT 100X8	31	DFF EXTRA MAIGR	BFF	7 990	7,67	25,568	25,568
111 244 219	12/04/2023 17:26:21	12/04/2023 21:25:21	170 034	ACTIVIA MIX FTS RGES 115X8 DD UK	60	FFA	FFA	1 917	9,312	9,312	10,582
111 244 221	12/04/2023 12:04:16	12/04/2023 16:02:16	2 120	VITAL FROMAGE 500G	25	DFF EXTRA MAIGR	BFF	806	0,725	2,418	2,418
111 244 226	12/04/2023 23:00:21	13/04/2023 04:00:21	132 573	ACTIVIA ABR POI FIG CER 125X8	90	FFA	FFA	5 892	15,555	15,555	17,676
111 244 227	12/04/2023 17:49:21	12/04/2023 22:59:21	132 522	ACTIVIA FRT PANACHE 125X12	90	FFA	FFA	2 691	14,208	14,208	16,146
111 244 236	12/04/2023 06:45:16	12/04/2023 17:22:21	170 043	ACTIVIA FRAISE 115X4 DD UK	60	FFA	FFA	10 416	25,298	25,298	28,748
111 244 708	12/04/2023 23:44:21	13/04/2023 13:32:17	102 483	JOCKEY FB NAT 3% 100X8	31	20%	BFF	10 590	9,251	33,888	33,888
111 244 718	13/04/2023 10:28:17	13/04/2023 12:29:17	172 003	ACTIVIA FRT PRUNEAU 125X6	90	FFA	FFA	1 104	2,915	2,915	3,312
111 244 761	13/04/2023 04:01:21	13/04/2023 10:10:16	132 570	ACTIVIA ANAN RHUB FIG PRU 125X8	90	FFA	FFA	7 542	19,911	19,911	22,626
111 244 767	12/04/2023 21:26:21	14/04/2023 01:37:17	170 005	ACTIVIA FRTS PANACH 115X8 DD UK	60	FFA	FFA	14 274	69,337	69,337	78,792
111 244 781	12/04/2023 04:29:15	13/04/2023 14:31:17	170 046	ACTIVIA RHUBARBE 115X4 DD UK	10	FFA	FFA	29 934	72,704	72,704	82,618
111 245 298	13/04/2023 12:37:17	14/04/2023 03:47:17	132 536	ACTIVIA FRT PRUNEAU 125X4	90	FFA	FFA	19 416	51,258	51,258	58,248
111 245 299	14/04/2023 10:15:34	14/04/2023 11:55:34	132 576	ACTIVIA FRT  PEC FRAMB 125X4	90	FFA	FFA	1 506	3,976	3,976	4,518
111 245 343	14/04/2023 12:42:34	14/04/2023 21:52:34	170 051	ACTIVIA 0% VANILLE 115X4 DD UK	10	AF0	AF0	11 401	28,949	28,949	31,467
111 245 344	14/04/2023 01:38:17	14/04/2023 22:50:34	170 006	ACTIVIA FRTS NOIRS 115X8 DD UK	60	FFA	FFA	8 607	41,809	41,809	47,511
111 245 345	14/04/2023 11:56:34	14/04/2023 15:19:34	132 539	ACTIVIA FRT RHUBARBE 125X4	90	FFA	FFA	2 802	7,397	7,397	8,406
111 245 346	14/04/2023 03:48:17	14/04/2023 10:14:33	132 540	ACTIVIA FRT ANANAS 125X4	90	FFA	FFA	8 202	21,653	21,653	24,606
111 245 349	13/04/2023 14:32:17	14/04/2023 12:41:34	170 047	ACTIVIA 0% CERISE 115X4 DD UK	10	AF0	AF0	22 784	53,451	53,451	62,884
111 245 433	14/04/2023 22:51:34	15/04/2023 06:20:34	170 042	ACTIV0% FRTS PANACH 115X8 DD UK	60	AF0	AF0	4 278	20,663	20,663	23,615
111 245 437	15/04/2023 06:21:34	16/04/2023 17:29:36	170 039	ACTIVIA 0% FTS RGES 115X8 DD UK	60	AF0	AF0	14 115	67,396	67,396	77,915
111 246 004	15/04/2023 09:56:35	15/04/2023 14:54:35	132 575	ACTIVIA FRUIT MYRTILLE 125X4	90	FFA	FFA	5 808	15,333	15,333	17,424
111 246 005	15/04/2023 14:55:35	15/04/2023 19:05:35	132 535	ACTIVIA FRT MURES FRAMB 125X4	90	FFA	FFA	3 870	10,217	10,217	11,61
111 246 006	14/04/2023 15:51:34	15/04/2023 04:05:34	132 572	ACTIVIA FRT POIRE 125X4	90	FFA	FFA	2 940	7,762	7,762	8,82
111 246 007	14/04/2023 21:53:34	15/04/2023 10:34:34	170 048	ACTIVIA 0% PECHE 115X4 DD UK	10	AF0	AF0	16 680	40,052	40,052	46,037
111 246 037	15/04/2023 10:35:34	15/04/2023 18:13:35	170 050	ACTIV0% FRAMBOISE 115X4 DD UK	10	AF0	AF0	9 707	24,112	24,112	26,791
111 246 445	15/04/2023 18:14:35	16/04/2023 07:14:35	170 052	ACTIVIA 0% FRAISE 115X4 DD UK	10	AF0	AF0	16 574	37,053	37,053	45,744
111 246 468	17/04/2023 09:03:36	17/04/2023 09:53:36	90 772	ACTIVIA 0% PANACHE FRTS 125X8	90	AF0	AF0	0	0	0	0
111 246 478	17/04/2023 02:40:36	17/04/2023 08:51:36	175 736	ACTIV FRT EDT LTE 115X4 DD UK	10	FFA	FFA	1 686	4,095	4,095	4,653
111 246 479	17/04/2023 00:42:36	17/04/2023 08:55:36	151 704	ACTIVIA 0% PECHE 125X4 NL	90	AF0	AF0	2 154	5,622	5,622	6,462
111 246 529	17/04/2023 08:52:36	17/04/2023 09:53:36	170 046	ACTIVIA RHUBARBE 115X4 DD UK	10	FFA	FFA	432	1,049	1,049	1,192
111 246 756	15/04/2023 19:06:35	15/04/2023 23:27:35	132 572	ACTIVIA FRT POIRE 125X4	90	FFA	FFA	678	1,79	1,79	2,034
111 246 920	15/04/2023 05:58:34	15/04/2023 09:55:34	132 572	ACTIVIA FRT POIRE 125X4	90	FFA	FFA	1 542	4,071	4,071	4,626
111 238 432	26/03/2023 17:25:12	26/03/2023 22:47:12	151 704	ACTIVIA 0% PECHE 125X4 NL	90	AF0	AF0	4 752	12,403	12,403	14,256
111 238 866	26/03/2023 09:06:12	26/03/2023 11:31:12	142 389	ACTIVIA MYRTILLE 125X4 NL	90	FFA	FFA	1 260	3,326	3,326	3,78
111 238 867	26/03/2023 06:39:12	26/03/2023 09:05:12	142 387	ACTIVIA MURFRB 125X4 NL IE	90	FFA	FFA	1 692	4,467	4,467	5,076
111 238 874	29/03/2023 04:28:15	29/03/2023 06:57:15	2 120	VITAL FROMAGE 500G	25	DFF EXTRA MAIGR	BFF	778	0,7	2,334	2,334
111 238 875	27/03/2023 07:49:13	27/03/2023 11:51:13	142 204	ACTIVIA FIGUE 125X4 NL	90	FFA	FFA	1 926	5,085	5,085	5,778
111 238 881	27/03/2023 00:37:12	27/03/2023 07:43:13	90 773	ACTIVIA 0% PANACHE FRTS 125X12	90	AF0	AF0	4 578	23,691	23,691	27,468
111 238 882	26/03/2023 03:36:12	26/03/2023 17:24:12	142 378	ACTIVIA FRAISE 125X4 NL	90	FFA	FFA	4 788	12,64	12,64	14,364
111 238 883	26/03/2023 22:48:12	27/03/2023 00:36:12	90 772	ACTIVIA 0% PANACHE FRTS 125X8	90	AF0	AF0	1 230	3,183	3,183	3,69
111 238 894	27/03/2023 13:21:13	27/03/2023 19:48:13	132 526	ACTIVIA FRT FIGUE 125X4	90	FFA	FFA	7 380	19,483	19,483	22,14
111 238 895	27/03/2023 11:52:13	27/03/2023 13:20:13	131 384	ACTIVIA FIGUE 125X4 OD	90	FFA	FFA	1 080	2,851	2,851	3,24
111 238 902	26/03/2023 21:12:12	28/03/2023 07:20:14	170 043	ACTIVIA FRAISE 115X4 DD UK	10	FFA	FFA	29 024	70,493	70,493	80,106
111 238 904	28/03/2023 04:02:14	28/03/2023 15:18:14	177 571	LIGHT&FREE FROM NAT 100X8	31	DFF EXTRA MAIGR	BFF	8 345	8,011	26,704	26,704
111 238 906	29/03/2023 02:51:15	29/03/2023 14:00:15	170 005	ACTIVIA FRTS PANACH 115X8 DD UK	60	FFA	FFA	5 307	25,779	25,779	29,295
111 238 907	28/03/2023 18:34:14	29/03/2023 02:50:15	170 034	ACTIVIA MIX FTS RGES 115X8 DD UK	60	FFA	FFA	1 398	6,791	6,791	7,717
111 238 919	28/03/2023 07:21:14	28/03/2023 09:44:14	175 736	ACTIV FRT EDT LTE 115X4 DD UK	10	FFA	FFA	1 048	2,545	2,545	2,892
111 238 925	27/03/2023 22:21:13	28/03/2023 04:31:14	132 522	ACTIVIA FRT PANACHE 125X12	90	FFA	FFA	3 591	18,96	18,96	21,546
111 238 926	27/03/2023 20:01:13	27/03/2023 22:20:13	142 393	ACTIVIA FR PAN 125X8 NL	90	FFA	FFA	537	2,835	2,835	3,222
111 239 120	28/03/2023 09:22:14	28/03/2023 16:31:14	132 573	ACTIVIA ABR POI FIG CER 125X8	90	FFA	FFA	6 864	18,121	18,121	20,592
111 239 290	29/03/2023 14:01:15	29/03/2023 22:39:15	170 006	ACTIVIA FRTS NOIRS 115X8 DD UK	60	FFA	FFA	4 203	20,416	20,416	23,201
111 239 299	29/03/2023 22:40:15	30/03/2023 10:36:16	170 042	ACTIV0% FRTS PANACH 115X8 DD UK	60	AF0	AF0	4 224	20,402	20,402	23,316
111 239 360	28/03/2023 09:45:14	29/03/2023 05:27:15	170 046	ACTIVIA RHUBARBE 115X4 DD UK	10	FFA	FFA	17 516	42,543	42,543	48,344
111 239 361	29/03/2023 02:15:14	29/03/2023 03:05:15	131 478	ACTIVIA FRT PRUNEAU 125X4 OD	90	FFA	FFA	852	2,249	2,249	2,556
111 239 362	28/03/2023 16:32:14	29/03/2023 00:40:14	132 570	ACTIVIA ANAN RHUB FIG PRU 125X8	90	FFA	FFA	9 678	25,55	25,55	29,034
111 239 376	29/03/2023 00:41:14	29/03/2023 02:14:15	172 003	ACTIVIA FRT PRUNEAU 125X6	90	FFA	FFA	1 080	2,851	2,851	3,24
111 239 377	28/03/2023 20:14:15	29/03/2023 07:36:15	102 483	JOCKEY FB NAT 3% 100X8	31	20%	BFF	9 260	8,09	29,632	29,632
111 239 548	31/03/2023 19:25:17	01/04/2023 12:43:18	170 052	ACTIVIA 0% FRAISE 115X4 DD UK	10	AF0	AF0	14 524	32,47	32,47	40,086
111 239 549	30/03/2023 04:08:16	30/03/2023 14:56:16	90 773	ACTIVIA 0% PANACHE FRTS 125X12	90	AF0	AF0	4 944	25,585	25,585	29,664
111 239 662	30/03/2023 10:37:16	31/03/2023 04:47:17	170 039	ACTIVIA 0% FTS RGES 115X8 DD UK	60	AF0	AF0	5 031	24,022	24,022	27,771
111 239 666	29/03/2023 03:06:15	29/03/2023 19:07:15	132 536	ACTIVIA FRT PRUNEAU 125X4	90	FFA	FFA	21 582	56,976	56,976	64,746
111 239 667	30/03/2023 23:34:16	31/03/2023 02:33:17	132 539	ACTIVIA FRT RHUBARBE 125X4	90	FFA	FFA	2 592	6,843	6,843	7,776
111 239 670	30/03/2023 17:27:16	30/03/2023 23:33:16	132 540	ACTIVIA FRT ANANAS 125X4	90	FFA	FFA	9 726	25,677	25,677	29,178
111 239 673	29/03/2023 19:08:15	29/03/2023 20:33:15	131 481	ACTIVIA FRT PEC FRAM 125X4 OD	90	FFA	FFA	636	1,679	1,679	1,908
111 238 433	27/03/2023 04:54:13	27/03/2023 10:09:13	177 579	LIGHT&FREE FROM PECHE 120X4	31	TAFFROM	BFF	4 040	2,013	6,71	7,757
111 238 439	27/03/2023 10:11:13	27/03/2023 15:29:14	177 550	LIGHT&FREE FROM FRAISE 120X4	31	TAFFROM	BFF	7 664	3,819	12,728	14,715
111 238 862	26/03/2023 03:46:12	26/03/2023 06:31:12	8 175	DANACOL FRUIT PANACHE 125GX8	90	DANACOL	DAN	1 524	3,932	3,932	4,572
111 238 871	27/03/2023 15:30:14	28/03/2023 04:01:14	177 581	LIGHT&FREE FROM VANILLE 120X4	31	TAFFROM	BFF	17 864	8,952	29,84	34,299
111 238 877	27/03/2023 19:07:13	28/03/2023 03:01:14	88 861	ACTIVIA INTENS FRAISE 110X4 UK	41	CRY	CRY	9 192	13,913	13,913	16,178
111 238 884	27/03/2023 03:45:13	27/03/2023 07:25:13	88 852	ACTIVIA INTENS VANIL 110X4 UK	41	CRY	CRY	2 208	3,42	3,42	3,886
111 238 885	27/03/2023 17:06:13	27/03/2023 19:06:14	88 856	ACTIVIA INTENS MYRTIL 110X4 UK	41	CRY	CRY	2 136	3,308	3,308	3,759
111 238 886	27/03/2023 10:13:13	27/03/2023 17:05:13	88 859	ACTIVIA INTENS CERISE 110X4 UK	41	CRY	CRY	4 232	6,555	6,555	7,448
111 238 887	27/03/2023 07:27:13	27/03/2023 10:12:13	88 851	ACTIVIA INTENS PECHE 110X4 UK	41	CRY	CRY	4 440	6,877	6,877	7,814
111 238 912	28/03/2023 03:02:14	28/03/2023 08:20:14	177 834	LIGHT&FREE A LA GREC STRA 110X4	41	BLF	BLF	3 040	4,28	4,28	5,35
111 238 913	28/03/2023 08:27:14	28/03/2023 10:06:14	177 825	LIGHT&FREE A LA GREC VAN 110X4	41	BLF	BLF	1 512	2,448	2,448	2,661
111 241 142	01/04/2023 00:07:17	01/04/2023 04:14:18	8 175	DANACOL FRUIT PANACHE 125GX8	90	DANACOL	DAN	3 030	7,817	7,817	9,09
111 241 416	04/04/2023 18:20:21	04/04/2023 20:19:22	88 859	ACTIVIA INTENS CERISE 110X4 UK	41	CRY	CRY	2 504	3,878	3,878	4,407
111 241 417	04/04/2023 20:25:22	05/04/2023 00:55:22	88 856	ACTIVIA INTENS MYRTIL 110X4 UK	41	CRY	CRY	3 728	5,774	5,774	6,561
111 241 418	04/04/2023 01:42:21	04/04/2023 10:39:21	88 852	ACTIVIA INTENS VANIL 110X4 UK	41	CRY	CRY	2 136	3,308	3,308	3,759
111 241 419	04/04/2023 14:18:22	04/04/2023 18:18:21	88 851	ACTIVIA INTENS PECHE 110X4 UK	41	CRY	CRY	4 680	7,248	7,248	8,237
111 241 681	03/04/2023 20:54:20	04/04/2023 08:42:21	177 579	LIGHT&FREE FROM PECHE 120X4	31	TAFFROM	BFF	3 544	1,766	5,886	6,804
111 241 682	04/04/2023 08:43:21	04/04/2023 13:29:21	177 550	LIGHT&FREE FROM FRAISE 120X4	31	TAFFROM	BFF	7 112	3,543	11,812	13,655
111 241 686	04/04/2023 13:30:21	04/04/2023 21:19:22	177 581	LIGHT&FREE FROM VANILLE 120X4	31	TAFFROM	BFF	15 296	7,665	25,55	29,368
111 241 690	04/04/2023 10:40:21	04/04/2023 14:15:21	175 158	ACTIVIA INTENS CARAMEL 110X4 UK	41	CRY	CRY	3 752	5,613	5,613	6,604
111 241 731	05/04/2023 00:57:22	05/04/2023 09:46:22	88 861	ACTIVIA INTENS FRAISE 110X4 UK	41	CRY	CRY	13 048	19,749	19,749	22,964
111 244 036	11/04/2023 10:07:15	11/04/2023 14:17:15	88 852	ACTIVIA INTENS VANIL 110X4 UK	41	CRY	CRY	1 560	2,416	2,416	2,746
111 244 037	11/04/2023 14:18:15	11/04/2023 20:44:15	88 851	ACTIVIA INTENS PECHE 110X4 UK	41	CRY	CRY	4 720	7,31	7,31	8,307
111 244 038	11/04/2023 20:45:15	12/04/2023 02:03:16	88 859	ACTIVIA INTENS CERISE 110X4 UK	41	CRY	CRY	2 992	4,634	4,634	5,266
111 244 182	11/04/2023 15:52:15	11/04/2023 21:06:15	177 550	LIGHT&FREE FROM FRAISE 120X4	31	TAFFROM	BFF	6 368	3,173	10,576	12,227
111 244 183	11/04/2023 06:37:15	11/04/2023 15:51:15	177 579	LIGHT&FREE FROM PECHE 120X4	31	TAFFROM	BFF	3 056	1,523	5,075	5,868
111 244 186	11/04/2023 05:03:14	11/04/2023 12:10:15	8 175	DANACOL FRUIT PANACHE 125GX8	90	DANACOL	DAN	2 940	7,585	7,585	8,82
111 244 188	12/04/2023 02:04:16	12/04/2023 06:56:16	88 856	ACTIVIA INTENS MYRTIL 110X4 UK	41	CRY	CRY	2 768	4,287	4,287	4,872
111 244 209	12/04/2023 17:15:21	12/04/2023 19:26:21	177 825	LIGHT&FREE A LA GREC VAN 110X4	41	BLF	BLF	1 936	3,135	3,135	3,407
111 244 210	12/04/2023 06:57:16	12/04/2023 14:32:16	88 861	ACTIVIA INTENS FRAISE 110X4 UK	41	CRY	CRY	7 880	11,927	11,927	13,869
111 244 211	12/04/2023 14:33:16	12/04/2023 17:14:21	177 834	LIGHT&FREE A LA GREC STRA 110X4	41	BLF	BLF	3 200	4,506	4,506	5,632
111 244 216	11/04/2023 21:07:15	12/04/2023 08:07:16	177 581	LIGHT&FREE FROM VANILLE 120X4	31	TAFFROM	BFF	15 296	7,665	25,55	29,368
111 246 460	17/04/2023 05:00:37	17/04/2023 09:53:37	88 852	ACTIVIA INTENS VANIL 110X4 UK	41	CRY	CRY	0	0	0	0
111 246 470	17/04/2023 05:27:37	17/04/2023 09:53:37	177 579	LIGHT&FREE FROM PECHE 120X4	31	TAFFROM	BFF	0	0	0	0